VendorID,tpep_pickup_datetime,tpep_dropoff_datetime,passenger_count,trip_distance,RatecodeID,store_and_fwd_flag,PULocationID,DOLocationID,payment_type,fare_amount,extra,mta_tax,tip_amount,tolls_amount,improvement_surcharge,total_amount

1,2017-01-09 11:13:28,2017-01-09 11:25:45,1,3.30,1,N,263,161,1,12.5,0,0.5,2,0,0.3,15.3
1,2017-01-09 11:32:27,2017-01-09 11:36:01,1,.90,1,N,186,234,1,5,0,0.5,1.45,0,0.3,7.25
1,2017-01-09 11:38:20,2017-01-09 11:42:05,1,1.10,1,N,164,161,1,5.5,0,0.5,1,0,0.3,7.3
1,2017-01-09 11:52:13,2017-01-09 11:57:36,1,1.10,1,N,236,75,1,6,0,0.5,1.7,0,0.3,8.5
2,2017-01-01 00:00:00,2017-01-01 00:00:00,1,.02,2,N,249,234,2,52,0,0.5,0,0,0.3,52.8
1,2017-01-01 00:00:02,2017-01-01 00:03:50,1,.50,1,N,48,48,2,4,0.5,0.5,0,0,0.3,5.3
2,2017-01-01 00:00:02,2017-01-01 00:39:22,4,7.75,1,N,186,36,1,22,0.5,0.5,4.66,0,0.3,27.96
1,2017-01-01 00:00:03,2017-01-01 00:06:58,1,.80,1,N,162,161,1,6,0.5,0.5,1.45,0,0.3,8.75
1,2017-01-01 00:00:05,2017-01-01 00:08:33,2,.90,1,N,48,50,1,7,0.5,0.5,0,0,0.3,8.3
2,2017-01-01 00:00:05,2017-01-01 00:05:04,5,1.76,1,N,140,74,2,7,0.5,0.5,0,0,0.3,8.3
2,2017-01-01 00:00:05,2017-01-01 00:15:36,1,8.47,1,N,138,262,1,24,0.5,0.5,7.71,5.54,0.3,38.55
1,2017-01-01 00:00:06,2017-01-01 00:11:56,2,2.40,1,N,142,236,2,10.5,0.5,0.5,0,0,0.3,11.8
1,2017-01-01 00:00:06,2017-01-01 00:23:37,2,12.60,5,N,161,265,1,60,0,0,10,0,0.3,70.3
1,2017-01-01 00:00:06,2017-01-01 00:08:53,1,.90,1,N,234,186,1,7,0.5,0.5,2.05,0,0.3,10.35
2,2017-01-01 00:00:06,2017-01-01 00:09:30,4,2.43,1,N,141,107,1,9.5,0.5,0.5,2.7,0,0.3,13.5
2,2017-01-01 00:00:06,2017-01-01 00:16:05,2,2.60,1,N,79,163,1,12.5,0.5,0.5,2.76,0,0.3,16.56
2,2017-01-01 00:00:06,2017-01-01 00:18:12,5,4.25,1,N,148,36,2,16.5,0.5,0.5,0,0,0.3,17.8
2,2017-01-01 00:00:07,2017-01-01 00:07:42,1,.65,1,N,48,68,1,6.5,0.5,0.5,1.7,0,0.3,9.5
2,2017-01-01 00:00:09,2017-01-01 00:34:21,1,3.42,1,N,230,148,1,22.5,0.5,0.5,0,0,0.3,23.8
1,2017-01-01 00:00:10,2017-01-01 00:24:52,1,6.60,1,N,186,232,2,23,0.5,0.5,0,0,0.3,24.3
1,2017-01-01 00:00:10,2017-01-01 00:02:49,1,.50,1,N,36,37,2,4,0.5,0.5,0,0,0.3,5.3
1,2017-01-01 00:00:11,2017-01-01 00:08:27,1,1.20,1,N,41,74,1,7.5,0.5,0.5,1.75,0,0.3,10.55
1,2017-01-01 00:00:12,2017-01-01 00:12:53,1,1.70,1,N,125,45,2,9.5,0.5,0.5,0,0,0.3,10.8
1,2017-01-01 00:00:12,2017-01-01 00:09:48,1,5.30,1,N,138,192,2,16,0.5,0.5,0,0,0.3,17.3
1,2017-01-01 00:00:13,2017-01-01 00:01:04,2,.20,1,N,143,143,2,3,0.5,0.5,0,0,0.3,4.3
2,2017-01-01 00:00:13,2017-01-01 00:15:39,1,4.68,1,N,140,223,1,16.5,0.5,0.5,4.45,0,0.3,22.25
2,2017-01-01 00:00:13,2017-01-01 00:12:42,1,1.90,1,N,68,48,1,10,0.5,0.5,0,0,0.3,11.3
2,2017-01-01 00:00:14,2017-01-01 00:24:53,2,2.10,1,N,239,48,2,16,0.5,0.5,0,0,0.3,17.3
2,2017-01-01 00:00:15,2017-01-01 00:13:34,1,2.75,1,N,233,114,1,11.5,0.5,0.5,2,0,0.3,14.8
2,2017-01-01 00:00:15,2017-01-01 00:00:17,1,.00,5,N,14,14,1,32.8,0,0.5,0,0,0.3,33.6
2,2017-01-01 00:00:16,2017-01-01 00:10:11,5,1.53,1,N,239,48,2,6,0.5,0.5,0,0,0.3,7.3
2,2017-01-01 00:00:16,2017-01-01 00:16:16,1,1.26,1,N,164,161,1,10.5,0.5,0.5,2.36,0,0.3,14.16
1,2017-01-01 00:00:17,2017-01-01 00:07:45,1,1.00,1,N,256,255,2,6.5,0.5,0.5,0,0,0.3,7.8
2,2017-01-01 00:00:17,2017-01-01 00:19:40,2,13.97,1,N,138,181,1,37.5,0.5,0.5,11.64,0,0.3,50.44
1,2017-01-01 00:00:18,2017-01-01 00:04:57,1,.70,1,N,237,43,2,5.5,0.5,0.5,0,0,0.3,6.8
1,2017-01-01 00:00:18,2017-01-01 00:04:17,1,.40,1,N,158,68,2,4.5,0.5,0.5,0,0,0.3,5.8
2,2017-01-01 00:00:18,2017-01-01 00:20:59,4,1.85,1,N,229,68,2,13,0.5,0.5,0,0,0.3,14.3
2,2017-01-01 00:00:18,2017-01-01 00:08:23,1,4.29,1,N,132,10,2,13.5,0.5,0.5,0,0,0.3,14.8
1,2017-01-01 00:00:19,2017-01-01 00:09:53,1,4.40,1,N,170,87,1,14.5,0.5,0.5,3.15,0,0.3,18.95
1,2017-01-01 00:00:19,2017-01-01 00:01:21,1,.10,1,N,243,243,2,3,0.5,0.5,0,0,0.3,4.3
2,2017-01-01 00:00:19,2017-01-01 00:03:59,1,.24,1,N,161,161,1,4,0.5,0.5,1.06,0,0.3,6.36
2,2017-01-01 00:00:19,2017-01-01 00:03:15,1,.92,1,N,50,246,1,4.5,0.5,0.5,1.45,0,0.3,7.25
1,2017-01-01 00:00:20,2017-01-01 00:18:51,1,1.10,1,N,237,161,2,12,0.5,0.5,0,0,0.3,13.3
1,2017-01-01 00:00:21,2017-01-01 00:12:09,1,6.90,1,N,138,80,2,20,0.5,0.5,0,0,0.3,21.3
2,2017-01-01 00:00:22,2017-01-01 00:04:56,5,.60,1,N,238,238,2,5,0.5,0.5,0,0,0.3,6.3
2,2017-01-01 00:00:22,2017-01-01 00:03:15,3,.56,1,N,74,75,2,4.5,0.5,0.5,0,0,0.3,5.8
1,2017-01-01 00:00:23,2017-01-01 00:06:06,1,.90,1,N,113,249,1,6,0.5,0.5,2.15,0,0.3,9.45
2,2017-01-01 00:00:24,2017-01-01 00:35:26,1,2.88,1,N,163,113,1,21.5,0.5,0.5,4.56,0,0.3,27.36
1,2017-01-01 00:00:26,2017-01-01 00:24:32,2,3.90,1,N,129,179,2,19.5,0.5,0.5,0,0,0.3,20.8
2,2017-01-01 00:00:26,2017-01-01 00:09:26,1,1.70,1,N,41,75,1,8.5,0.5,0.5,2.45,0,0.3,12.25
1,2017-01-01 00:00:27,2017-01-01 00:06:38,3,.70,1,N,229,161,1,6,0.5,0.5,1.45,0,0.3,8.75
1,2017-01-01 00:00:29,2017-01-01 00:03:57,4,.90,1,N,236,236,2,5,0.5,0.5,0,0,0.3,6.3
2,2017-01-01 00:00:30,2017-01-01 00:06:17,1,.79,1,N,163,237,1,6,0.5,0.5,1.82,0,0.3,9.12
2,2017-01-01 00:00:30,2017-01-01 00:08:34,1,1.25,1,N,234,162,2,7.5,0.5,0.5,0,0,0.3,8.8
2,2017-01-01 00:00:31,2017-01-01 00:08:21,5,2.05,1,N,113,233,1,8.5,0.5,0.5,1,0,0.3,10.8
2,2017-01-01 00:00:31,2017-01-01 00:12:28,1,2.56,1,N,113,229,1,10.5,0.5,0.5,8.2,0,0.3,20
2,2017-01-01 00:00:31,2017-01-01 00:11:48,1,.10,1,N,264,264,2,8,0.5,0.5,0,0,0.3,9.3
2,2017-01-01 00:00:31,2017-01-01 00:08:47,1,1.78,1,N,113,231,1,8,0.5,0.5,1.86,0,0.3,11.16
1,2017-01-01 00:00:33,2017-01-01 00:31:58,2,10.50,1,N,138,230,2,35.5,0.5,0.5,0,5.54,0.3,42.34
1,2017-01-01 00:00:33,2017-01-01 00:05:41,1,.90,1,N,148,4,1,6,0.5,0.5,1.45,0,0.3,8.75
2,2017-01-01 00:00:33,2017-01-01 00:09:52,1,1.97,1,N,74,168,2,9,0.5,0.5,0,0,0.3,10.3
2,2017-01-01 00:00:33,2017-01-01 00:42:43,6,20.99,2,N,132,249,2,52,0,0.5,0,0,0.3,52.8
1,2017-01-01 00:00:34,2017-01-01 00:02:33,1,.00,1,N,249,249,3,3,0.5,0.5,0,0,0.3,4.3
2,2017-01-01 00:00:35,2017-01-01 00:06:10,2,.66,1,N,79,79,1,5.5,0.5,0.5,1.36,0,0.3,8.16
1,2017-01-01 00:00:36,2017-01-01 00:12:55,1,3.60,1,N,263,7,2,13,0.5,0.5,0,0,0.3,14.3
2,2017-01-01 00:00:36,2017-01-01 00:12:42,6,4.02,1,N,41,235,1,14,0.5,0.5,3.06,0,0.3,18.36
2,2017-01-01 00:00:36,2017-01-01 00:07:51,2,2.66,1,N,148,233,1,10,0.5,0.5,2.26,0,0.3,13.56
1,2017-01-01 00:00:37,2017-01-01 00:19:46,1,11.40,1,N,138,181,2,31.5,0.5,0.5,0,0,0.3,32.8
2,2017-01-01 00:00:37,2017-01-01 00:15:48,1,6.59,1,N,143,42,2,20,0.5,0.5,0,0,0.3,21.3
2,2017-01-01 00:00:37,2017-01-01 00:20:15,1,2.82,1,N,144,170,2,14,0.5,0.5,0,0,0.3,15.3
2,2017-01-01 00:00:43,2017-01-01 00:07:43,1,1.09,1,N,129,129,2,7,0.5,0.5,0,0,0.3,8.3
2,2017-01-01 00:00:44,2017-01-01 00:01:50,2,.41,1,N,239,238,1,3.5,0.5,0.5,0.72,0,0.3,5.52
1,2017-01-01 00:00:45,2017-01-01 00:13:33,2,2.10,1,Y,45,137,3,10.5,0.5,0.5,0,0,0.3,11.8
1,2017-01-01 00:00:47,2017-01-01 00:03:13,1,2.20,1,N,137,137,2,3.5,0.5,0.5,0,0,0.3,4.8
1,2017-01-01 00:00:48,2017-01-01 00:43:38,1,20.30,1,N,132,61,1,58,0.5,0.5,5,0,0.3,64.3
1,2017-01-01 00:00:48,2017-01-01 00:12:22,1,2.80,1,N,239,229,1,11.5,0.5,0.5,1,0,0.3,13.8
2,2017-01-01 00:00:48,2017-01-01 00:08:48,3,1.96,1,N,249,88,2,8.5,0.5,0.5,0,0,0.3,9.8
1,2017-01-01 00:00:50,2017-01-01 00:01:31,1,.00,1,N,138,138,3,2.5,0.5,0.5,0,0,0.3,3.8
1,2017-01-01 00:00:51,2017-01-01 00:11:22,1,4.80,1,N,162,45,1,15.5,0.5,0.5,3.35,0,0.3,20.15
2,2017-01-01 00:00:51,2017-01-01 00:13:56,2,4.69,1,N,262,90,2,16,0.5,0.5,0,0,0.3,17.3
2,2017-01-01 00:00:51,2017-01-01 00:05:21,5,.60,1,N,170,233,1,4.5,0.5,0.5,1.16,0,0.3,6.96
2,2017-01-01 00:00:52,2017-01-01 00:04:17,5,.93,1,N,239,142,1,4.5,0.5,0.5,15,0,0.3,20.8
2,2017-01-01 00:00:53,2017-01-01 00:14:50,2,8.60,1,N,148,7,2,25,0.5,0.5,0,0,0.3,26.3
2,2017-01-01 00:00:54,2017-01-01 00:07:48,5,1.17,1,N,158,90,1,6.5,0.5,0.5,2.34,0,0.3,10.14
2,2017-01-01 00:00:55,2017-01-01 00:14:52,2,4.41,1,N,233,74,1,14.5,0.5,0.5,2,0,0.3,17.8
1,2017-01-01 00:00:56,2017-01-01 00:05:49,1,.90,1,N,106,106,2,6,0.5,0.5,0,0,0.3,7.3
1,2017-01-01 00:00:56,2017-01-01 00:17:36,2,3.00,1,N,231,107,1,14,0.5,0.5,2,0,0.3,17.3
1,2017-01-01 00:00:58,2017-01-01 00:10:47,1,1.20,1,N,113,137,2,8,0.5,0.5,0,0,0.3,9.3
1,2017-01-01 00:00:59,2017-01-01 00:14:40,1,1.20,1,N,246,186,1,9.5,0.5,0.5,3.2,0,0.3,14
1,2017-01-01 00:00:59,2017-01-01 00:21:46,1,5.90,1,N,162,129,1,20.5,0.5,0.5,4.35,0,0.3,26.15
1,2017-01-01 00:00:59,2017-01-01 00:05:10,2,.50,1,N,264,264,1,5,0.5,0.5,1.25,0,0.3,7.55
2,2017-01-01 00:00:59,2017-01-01 00:23:32,1,6.58,1,N,186,152,1,23.5,0.5,0.5,7.44,0,0.3,32.24
1,2017-01-01 00:01:00,2017-01-01 00:17:57,1,3.70,1,N,50,79,1,14,0.5,0.5,3.05,0,0.3,18.35
2,2017-01-01 00:01:00,2017-01-01 00:23:03,1,5.91,1,N,125,37,1,21,0.5,0.5,4.46,0,0.3,26.76
1,2017-01-01 00:01:02,2017-01-01 00:09:15,1,1.20,1,N,152,42,2,7.5,0.5,0.5,0,0,0.3,8.8
1,2017-01-01 00:01:02,2017-01-01 00:05:22,2,1.20,1,N,137,162,1,6,0.5,0.5,1,0,0.3,8.3
1,2017-01-01 00:01:03,2017-01-01 00:16:44,2,7.40,1,N,132,130,2,22.5,0.5,0.5,0,0,0.3,23.8
2,2017-01-01 00:01:04,2017-01-01 00:08:01,6,.87,1,N,107,107,1,6,0.5,0.5,5,0,0.3,12.3
2,2017-01-01 00:01:04,2017-01-01 00:13:34,1,5.77,1,N,162,88,2,18,0.5,0.5,0,0,0.3,19.3
2,2017-01-01 00:01:04,2017-01-01 00:18:43,5,4.36,1,N,162,151,2,16.5,0.5,0.5,0,0,0.3,17.8
2,2017-01-01 00:01:05,2017-01-01 00:09:04,3,.90,1,N,137,170,1,7,0.5,0.5,1.66,0,0.3,9.96
2,2017-01-01 00:01:06,2017-01-01 00:25:44,1,5.67,1,N,234,41,2,21,0.5,0.5,0,0,0.3,22.3
2,2017-01-01 00:01:06,2017-01-01 00:16:38,5,3.18,1,N,142,158,1,13.5,0.5,0.5,4.44,0,0.3,19.24
1,2017-01-01 00:01:07,2017-01-01 00:29:45,1,7.90,1,N,87,238,1,27.5,0.5,0.5,1.2,0,0.3,30
1,2017-01-01 00:01:08,2017-01-01 00:05:35,2,.80,1,N,137,233,1,5.5,0.5,0.5,2,0,0.3,8.8
2,2017-01-01 00:01:08,2017-01-01 00:06:15,2,1.04,1,N,186,234,1,6,0.5,0.5,1.46,0,0.3,8.76
1,2017-01-01 00:01:09,2017-01-01 00:04:53,1,.70,1,N,43,142,2,5,0.5,0.5,0,0,0.3,6.3
2,2017-01-01 00:01:09,2017-01-01 00:44:43,1,2.36,1,N,186,48,2,25,0.5,0.5,0,0,0.3,26.3
2,2017-01-01 00:01:09,2017-01-01 00:12:06,1,4.20,1,N,236,226,2,13.5,0.5,0.5,0,0,0.3,14.8
1,2017-01-01 00:01:10,2017-01-01 00:06:32,1,1.00,1,N,116,244,2,6,0.5,0.5,0,0,0.3,7.3
2,2017-01-01 00:01:10,2017-01-01 00:10:40,1,1.48,1,N,229,170,1,8.5,0.5,0.5,2.94,0,0.3,12.74
2,2017-01-01 00:01:10,2017-01-01 00:22:40,1,10.47,1,N,138,142,1,30,0.5,0.5,9.21,5.54,0.3,46.05
2,2017-01-01 00:01:11,2017-01-01 00:08:55,1,1.04,1,N,238,151,1,6.5,0.5,0.5,2.34,0,0.3,10.14
2,2017-01-01 00:01:11,2017-01-01 00:24:56,3,4.13,1,N,158,87,2,18.5,0.5,0.5,0,0,0.3,19.8
1,2017-01-01 00:01:12,2017-01-01 00:20:32,1,2.90,1,N,162,158,1,13.5,0.5,0.5,2.95,0,0.3,17.75
2,2017-01-01 00:01:12,2017-01-01 00:09:13,5,3.40,1,N,192,173,2,11.5,0.5,0.5,0,0,0.3,12.8
1,2017-01-01 00:01:13,2017-01-01 00:05:09,1,.60,1,N,79,232,1,4.5,0.5,0.5,1.7,0,0.3,7.5
1,2017-01-01 00:01:14,2017-01-01 00:30:23,1,12.40,1,N,132,49,1,37,0.5,0.5,7.65,0,0.3,45.95
1,2017-01-01 00:01:17,2017-01-01 00:05:49,2,.90,1,N,114,68,1,5,0.5,0.5,1.25,0,0.3,7.55
1,2017-01-01 00:01:18,2017-01-01 00:05:23,1,.70,1,N,234,113,1,5,0.5,0.5,1.55,0,0.3,7.85
2,2017-01-01 00:01:20,2017-01-01 00:15:31,1,4.20,1,N,79,146,1,15,0.5,0.5,3.26,0,0.3,19.56
1,2017-01-01 00:01:21,2017-01-01 00:06:47,2,.90,1,N,90,79,2,6,0.5,0.5,0,0,0.3,7.3
1,2017-01-01 00:01:21,2017-01-01 00:13:02,1,1.20,1,N,170,100,1,8.5,0.5,0.5,1.95,0,0.3,11.75
1,2017-01-01 00:01:21,2017-01-01 00:14:17,1,2.00,1,N,143,68,2,10.5,0.5,0.5,0,0,0.3,11.8
1,2017-01-01 00:01:22,2017-01-01 00:34:06,1,6.10,1,N,246,256,1,24.5,0.5,0.5,5.15,0,0.3,30.95
1,2017-01-01 00:01:22,2017-01-01 00:22:02,3,5.10,1,N,88,189,2,19,0.5,0.5,0,0,0.3,20.3
2,2017-01-01 00:01:22,2017-01-01 00:06:30,1,.78,1,N,264,264,1,5.5,0.5,0.5,0,0,0.3,6.8
1,2017-01-01 00:01:24,2017-01-01 00:09:18,1,1.00,1,N,209,209,1,7,0.5,0.5,1.65,0,0.3,9.95
2,2017-01-01 00:01:24,2017-01-01 00:15:01,1,7.47,1,N,88,236,1,21.5,0.5,0.5,5.7,0,0.3,28.5
1,2017-01-01 00:01:25,2017-01-01 00:15:09,1,2.80,1,N,246,114,2,12,0.5,0.5,0,0,0.3,13.3
2,2017-01-01 00:01:25,2017-01-01 00:38:39,2,19.68,1,N,132,112,1,55.5,0.5,0.5,0,0,0.3,56.8
1,2017-01-01 00:01:26,2017-01-01 00:21:03,1,7.00,1,N,68,116,1,22.5,0.5,0.5,23.8,0,0.3,47.6
2,2017-01-01 00:01:26,2017-01-01 00:04:52,1,.76,1,N,239,239,1,4.5,0.5,0.5,1.5,0,0.3,7.3
2,2017-01-01 00:01:26,2017-01-01 00:06:48,1,.96,1,N,142,239,1,6,0.5,0.5,1.82,0,0.3,9.12
1,2017-01-01 00:01:27,2017-01-01 00:15:08,1,3.50,1,N,25,61,1,13.5,0.5,0.5,2.95,0,0.3,17.75
2,2017-01-01 00:01:27,2017-01-01 00:08:54,1,1.14,1,N,144,148,1,7,0.5,0.5,2.08,0,0.3,10.38
1,2017-01-01 00:01:28,2017-01-01 00:09:53,1,.70,1,N,244,244,2,7,0.5,0.5,0,0,0.3,8.3
1,2017-01-01 00:01:29,2017-01-01 00:20:25,2,13.80,1,N,264,264,1,37.5,0.5,0.5,9.7,0,0.3,48.5
1,2017-01-01 00:01:29,2017-01-01 00:04:56,1,1.00,1,N,236,238,2,5.5,0.5,0.5,0,0,0.3,6.8
1,2017-01-01 00:01:29,2017-01-01 00:12:57,2,6.20,1,N,148,75,1,19,0.5,0.5,4.05,0,0.3,24.35
1,2017-01-01 00:01:29,2017-01-01 00:26:18,1,5.40,1,N,90,238,1,22,0.5,0.5,4.65,0,0.3,27.95
2,2017-01-01 00:01:29,2017-01-01 00:06:17,1,1.47,1,N,229,263,1,6.5,0.5,0.5,0.2,0,0.3,8
2,2017-01-01 00:01:30,2017-01-01 00:29:05,1,18.83,2,N,132,41,1,52,0,0.5,8.75,5.54,0.3,67.09
2,2017-01-01 00:01:30,2017-01-01 00:11:20,5,1.53,1,N,141,161,1,8.5,0.5,0.5,2.45,0,0.3,12.25
2,2017-01-01 00:01:30,2017-01-01 00:15:21,2,2.34,1,N,231,234,2,11,0.5,0.5,0,0,0.3,12.3
2,2017-01-01 00:01:31,2017-01-01 00:05:40,2,1.04,1,N,238,166,2,5.5,0.5,0.5,0,0,0.3,6.8
1,2017-01-01 00:01:33,2017-01-01 00:12:08,1,2.10,1,N,141,142,1,9.5,0.5,0.5,2,0,0.3,12.8
2,2017-01-01 00:01:33,2017-01-01 00:18:03,4,2.09,1,N,107,249,1,12,0.5,0.5,2.66,0,0.3,15.96
1,2017-01-01 00:01:34,2017-01-01 00:09:49,2,1.30,1,N,264,264,1,7.5,0.5,0.5,1.75,0,0.3,10.55
1,2017-01-01 00:01:35,2017-01-01 00:05:02,1,1.00,1,N,107,233,1,5,0.5,0.5,1.25,0,0.3,7.55
1,2017-01-01 00:01:35,2017-01-01 00:07:36,1,.90,1,N,163,239,1,6,0.5,0.5,2.15,0,0.3,9.45
2,2017-01-01 00:01:35,2017-01-01 00:08:07,1,.81,1,N,211,114,1,6,0.5,0.5,1.46,0,0.3,8.76
2,2017-01-01 00:01:35,2017-01-01 00:06:03,1,.69,1,N,249,114,2,5,0.5,0.5,0,0,0.3,6.3
1,2017-01-01 00:01:38,2017-01-01 00:29:34,2,18.70,2,N,132,262,1,52,0,0.5,10,5.54,0.3,68.34
2,2017-01-01 00:01:38,2017-01-01 00:05:15,1,.64,1,N,143,50,1,4.5,0.5,0.5,2.2,0,0.3,8
1,2017-01-01 00:01:39,2017-01-01 00:01:59,2,.00,5,N,49,49,1,48.8,0,0,9.8,0,0.3,58.9
2,2017-01-01 00:01:40,2017-01-01 00:21:36,1,4.66,1,N,161,41,2,17,0.5,0.5,0,0,0.3,18.3
2,2017-01-01 00:01:40,2017-01-01 00:07:49,6,1.18,1,N,234,170,2,6,0.5,0.5,0,0,0.3,7.3
1,2017-01-01 00:01:42,2017-01-01 00:23:00,1,12.30,1,N,138,33,1,34,0.5,0.5,7.05,0,0.3,42.35
1,2017-01-01 00:01:42,2017-01-01 00:09:54,1,2.20,1,N,264,264,1,9,0.5,0.5,2.05,0,0.3,12.35
2,2017-01-01 00:01:42,2017-01-01 00:08:19,2,1.35,1,N,234,114,2,7,0.5,0.5,0,0,0.3,8.3
1,2017-01-01 00:01:43,2017-01-01 00:03:26,1,.50,1,N,74,75,2,4,0.5,0.5,0,0,0.3,5.3
1,2017-01-01 00:01:43,2017-01-01 00:10:55,1,1.30,1,N,164,246,1,7.5,0.5,0.5,1.75,0,0.3,10.55
2,2017-01-01 00:01:44,2017-01-01 00:20:54,2,3.49,1,N,100,144,1,15,0.5,0.5,0,0,0.3,16.3
2,2017-01-01 00:01:45,2017-01-01 00:19:14,2,15.34,2,N,132,170,1,52,0,0.5,0,5.54,0.3,58.34
2,2017-01-01 00:01:45,2017-01-01 00:58:14,1,8.34,1,N,186,225,2,36.5,0.5,0.5,0,0,0.3,37.8
2,2017-01-01 00:01:49,2017-01-01 00:13:20,1,1.93,1,N,137,249,1,9.5,0.5,0.5,2.7,0,0.3,13.5
2,2017-01-01 00:01:49,2017-01-01 00:30:33,1,8.87,1,N,79,82,1,29,0.5,0.5,0,0,0.3,30.3
1,2017-01-01 00:01:50,2017-01-01 00:21:44,1,8.40,1,N,264,264,2,25.5,0.5,0.5,0,5.54,0.3,32.34
1,2017-01-01 00:01:50,2017-01-01 00:23:02,1,1.10,1,N,161,186,2,13,0.5,0.5,0,0,0.3,14.3
1,2017-01-01 00:01:52,2017-01-01 00:05:28,2,.60,1,Y,143,142,1,4.5,0.5,0.5,0.5,0,0.3,6.3
2,2017-01-01 00:01:52,2017-01-01 00:05:11,1,.56,1,N,114,79,1,4.5,0.5,0.5,0,0,0.3,5.8
2,2017-01-01 00:01:52,2017-01-01 00:09:28,5,2.54,1,N,162,146,2,9.5,0.5,0.5,0,0,0.3,10.8
1,2017-01-01 00:01:53,2017-01-01 00:02:18,1,2.50,1,N,148,148,2,2.5,0.5,0.5,0,0,0.3,3.8
2,2017-01-01 00:01:53,2017-01-01 00:31:01,6,7.51,1,N,137,160,1,25.5,0.5,0.5,8.04,0,0.3,34.84
2,2017-01-01 00:01:53,2017-01-01 00:26:28,1,12.01,1,N,236,242,2,34.5,0.5,0.5,0,0,0.3,35.8
1,2017-01-01 06:53:19,2017-01-01 06:59:50,1,1.60,1,N,162,186,1,7.5,0,0.5,1.65,0,0.3,9.95
2,2017-01-01 06:53:19,2017-01-01 07:02:24,1,1.73,1,N,181,25,2,9,0,0.5,0,0,0.3,9.8
2,2017-01-01 06:53:20,2017-01-01 07:07:53,1,3.55,1,N,113,141,2,13.5,0,0.5,0,0,0.3,14.3
2,2017-01-01 06:53:20,2017-01-01 07:01:09,2,1.27,1,N,232,211,2,7.5,0,0.5,0,0,0.3,8.3
2,2017-01-01 06:53:21,2017-01-01 06:59:46,1,1.89,1,N,7,260,1,8.5,0,0.5,1.86,0,0.3,11.16
2,2017-01-01 06:53:22,2017-01-01 07:07:57,2,7.14,1,N,258,191,2,21.5,0,0.5,0,0,0.3,22.3
1,2017-01-01 06:53:23,2017-01-01 07:09:29,1,5.40,1,N,107,112,1,18,0,0.5,3.75,0,0.3,22.55
2,2017-01-01 06:53:23,2017-01-01 07:09:47,3,8.07,1,N,226,231,1,24.5,0,0.5,5.06,0,0.3,30.36
2,2017-01-01 06:53:23,2017-01-01 06:53:28,2,.00,5,N,264,42,1,65,0,0.5,0,0,0,65.5
1,2017-01-01 06:53:24,2017-01-01 06:56:12,1,.80,1,N,107,113,1,4.5,0,0.5,1.05,0,0.3,6.35
2,2017-01-01 06:53:25,2017-01-01 06:58:54,1,1.64,1,N,152,24,1,7.5,0,0.5,1.66,0,0.3,9.96
2,2017-01-01 06:53:25,2017-01-01 07:04:41,2,3.21,1,N,164,230,2,11.5,0,0.5,0,0,0.3,12.3
2,2017-01-01 06:53:26,2017-01-01 07:01:00,1,1.18,1,N,152,116,2,7,0,0.5,0,0,0.3,7.8
2,2017-01-01 06:53:26,2017-01-01 07:34:38,6,17.98,2,N,230,132,2,52,0,0.5,0,0,0.3,52.8
2,2017-01-01 06:53:26,2017-01-01 06:53:37,0,.00,5,N,48,48,1,5.5,0,0.5,1.26,0,0.3,7.56
2,2017-01-01 06:53:27,2017-01-01 06:59:24,6,1.45,1,N,249,164,1,7,0,0.5,1.56,0,0.3,9.36
2,2017-01-01 06:53:28,2017-01-01 07:14:56,1,5.41,1,N,48,74,1,19.5,0,0.5,2.5,0,0.3,22.8
2,2017-01-01 06:53:28,2017-01-01 06:54:57,1,.17,1,N,48,48,2,2.5,0,0.5,0,0,0.3,3.3
2,2017-01-01 06:53:29,2017-01-01 07:12:57,3,5.76,1,N,226,151,2,19.5,0,0.5,0,0,0.3,20.3
2,2017-01-01 06:53:29,2017-01-01 07:03:39,1,1.79,1,N,163,100,2,9,0,0.5,0,0,0.3,9.8
2,2017-01-01 06:53:29,2017-01-01 07:08:42,1,4.46,1,N,48,7,2,16,0,0.5,0,0,0.3,16.8
2,2017-01-01 06:53:29,2017-01-01 06:59:50,1,2.25,1,N,163,263,2,8.5,0,0.5,0,0,0.3,9.3
1,2017-01-01 06:53:31,2017-01-01 06:59:32,1,.60,1,N,48,68,1,5.5,0,0.5,1.85,0,0.3,8.15
1,2017-01-01 06:53:32,2017-01-01 07:01:49,1,2.60,1,N,68,237,2,10,0,0.5,0,0,0.3,10.8
2,2017-01-01 06:53:32,2017-01-01 07:02:52,2,4.07,1,N,163,179,1,12.5,0,0.5,3.32,0,0.3,16.62
2,2017-01-01 06:53:32,2017-01-01 06:59:52,1,1.49,1,N,237,239,1,7.5,0,0.5,0,0,0.3,8.3
1,2017-01-01 06:53:33,2017-01-01 07:08:29,3,11.40,1,N,132,138,1,31,0,0.5,4.5,0,0.3,36.3
1,2017-01-01 06:53:33,2017-01-01 07:05:40,1,3.60,1,N,162,249,2,13,0,0.5,0,0,0.3,13.8
1,2017-01-01 06:53:33,2017-01-01 07:01:36,1,1.80,1,N,48,229,2,8.5,0,0.5,0,0,0.3,9.3
2,2017-01-01 06:53:35,2017-01-01 07:15:05,1,14.52,1,N,132,7,1,39.5,0,0.5,8.06,0,0.3,48.36
2,2017-01-01 06:53:36,2017-01-01 07:01:55,1,2.20,1,N,230,239,2,9,0,0.5,0,0,0.3,9.8
2,2017-01-01 06:53:36,2017-01-01 07:03:56,1,3.47,1,N,140,186,2,12,0,0.5,0,0,0.3,12.8
1,2017-01-01 06:53:39,2017-01-01 06:55:16,1,.20,5,N,1,1,1,90,0,0,15,0,0.3,105.3
2,2017-01-01 06:53:40,2017-01-01 07:01:52,4,2.83,1,N,163,75,2,10,0,0.5,0,0,0.3,10.8
2,2017-01-01 06:53:40,2017-01-01 07:23:18,1,7.69,1,N,186,82,2,27,0,0.5,0,0,0.3,27.8
2,2017-01-01 06:53:42,2017-01-01 07:06:12,1,4.69,1,N,186,75,2,15,0,0.5,0,0,0.3,15.8
1,2017-01-01 06:53:43,2017-01-01 06:55:48,1,.60,1,N,141,237,2,4,0,0.5,0,0,0.3,4.8
1,2017-01-01 06:53:43,2017-01-01 06:57:55,1,1.00,1,N,79,4,2,5.5,0,0.5,0,0,0.3,6.3
2,2017-01-01 06:53:43,2017-01-01 07:02:22,1,1.99,1,N,37,255,2,8.5,0,0.5,0,0,0.3,9.3
1,2017-01-01 06:53:45,2017-01-01 06:56:43,1,1.00,1,N,236,262,1,5,0,0.5,1,0,0.3,6.8
2,2017-01-01 06:53:45,2017-01-01 07:10:08,5,3.84,1,N,48,75,2,15,0,0.5,0,0,0.3,15.8
2,2017-01-01 06:53:48,2017-01-01 06:54:44,1,.42,1,N,255,256,2,3.5,0,0.5,0,0,0.3,4.3
1,2017-01-01 06:53:49,2017-01-01 06:59:14,1,1.20,1,N,48,246,2,6.5,0,0.5,0,0,0.3,7.3
2,2017-01-01 06:53:49,2017-01-01 07:18:37,1,11.86,1,N,249,138,1,34.5,0,0.5,15,0,0.3,50.3
2,2017-01-01 06:53:49,2017-01-01 07:14:30,2,6.29,1,N,90,181,2,21.5,0,0.5,0,0,0.3,22.3
2,2017-01-01 06:53:49,2017-01-01 06:59:19,1,1.45,1,N,234,186,2,6.5,0,0.5,0,0,0.3,7.3
1,2017-01-01 06:53:50,2017-01-01 07:25:43,1,11.60,1,N,62,239,2,36,0,0.5,0,0,0.3,36.8
2,2017-01-01 06:53:50,2017-01-01 06:58:51,1,1.58,1,N,249,186,2,7,0,0.5,0,0,0.3,7.8
1,2017-01-01 06:53:53,2017-01-01 07:17:48,1,16.10,2,N,229,132,1,52,0,0.5,13.2,0,0.3,66
2,2017-01-01 06:53:53,2017-01-01 07:05:07,5,7.44,1,N,168,250,2,21,0,0.5,0,0,0.3,21.8
2,2017-01-01 06:53:53,2017-01-01 06:57:35,2,.97,1,N,238,166,2,5.5,0,0.5,0,0,0.3,6.3
1,2017-01-01 06:53:54,2017-01-01 06:58:06,1,1.40,1,N,237,75,2,6,0,0.5,0,0,0.3,6.8
2,2017-01-01 06:53:55,2017-01-01 07:00:09,3,1.01,1,N,237,142,1,6.5,0,0.5,1.46,0,0.3,8.76
1,2017-01-01 06:53:56,2017-01-01 07:12:56,1,9.10,1,N,79,257,1,26.5,0,0.5,5.45,0,0.3,32.75
2,2017-01-01 06:53:58,2017-01-01 07:02:00,6,1.80,1,N,79,68,2,8.5,0,0.5,0,0,0.3,9.3
2,2017-01-01 06:53:58,2017-01-01 07:17:45,2,14.49,1,N,132,36,2,39.5,0,0.5,0,0,0.3,40.3
2,2017-01-01 06:53:59,2017-01-02 05:47:24,1,2.52,1,N,119,42,1,11,0,0.5,0,0,0.3,11.8
1,2017-01-01 06:54:00,2017-01-01 07:27:57,1,13.70,1,N,48,197,2,41.5,0,0.5,0,0,0.3,42.3
1,2017-01-01 06:54:01,2017-01-01 07:03:01,1,1.90,1,N,168,41,2,9,0,0.5,0,0,0.3,9.8
1,2017-01-01 06:54:01,2017-01-01 07:28:14,2,8.60,1,N,234,89,2,30,0,0.5,0,0,0.3,30.8
2,2017-01-01 06:54:01,2017-01-01 06:56:01,3,.52,1,N,263,75,1,4,0,0.5,1,0,0.3,5.8
2,2017-01-01 06:54:03,2017-01-01 07:11:47,1,6.80,1,N,79,168,1,20,0,0.5,6.24,0,0.3,27.04
1,2017-01-01 06:54:04,2017-01-01 07:21:20,1,20.20,2,N,132,141,1,52,0,0.5,11.65,5.54,0.3,69.99
2,2017-01-01 06:54:04,2017-01-01 06:55:29,2,.43,1,N,244,244,2,3.5,0,0.5,0,0,0.3,4.3
2,2017-01-01 06:54:04,2017-01-01 07:00:38,1,1.60,1,N,36,36,1,7,0,0.5,0,0,0.3,7.8
2,2017-01-01 06:54:05,2017-01-01 06:59:14,1,1.25,1,N,48,50,1,6,0,0.5,1.36,0,0.3,8.16
2,2017-01-01 06:54:06,2017-01-01 07:21:48,1,7.23,1,N,230,17,1,26,0,0.5,8.04,0,0.3,34.84
2,2017-01-01 06:54:08,2017-01-01 07:00:35,1,1.41,1,N,234,246,2,7,0,0.5,0,0,0.3,7.8
1,2017-01-01 06:54:10,2017-01-01 07:24:59,1,14.10,1,N,79,14,2,40.5,0,0.5,0,0,0.3,41.3
1,2017-01-01 06:54:11,2017-01-01 06:59:34,1,2.00,1,N,50,239,1,7.5,0,0.5,1.65,0,0.3,9.95
1,2017-01-01 06:54:11,2017-01-01 07:18:38,4,7.70,1,N,48,17,1,25,0,0.5,0,0,0.3,25.8
2,2017-01-01 06:54:12,2017-01-01 07:03:57,2,2.51,1,N,144,186,1,10.5,0,0.5,3,0,0.3,14.3
1,2017-01-01 06:54:13,2017-01-01 06:58:12,1,.90,1,N,74,42,3,5,0,0.5,0,0,0.3,5.8
2,2017-01-01 06:54:13,2017-01-01 07:04:30,5,3.51,1,N,263,186,1,12,0,0.5,2.56,0,0.3,15.36
2,2017-01-01 06:54:14,2017-01-01 07:07:44,1,2.94,1,N,226,179,2,12,0,0.5,0,0,0.3,12.8
1,2017-01-01 06:54:15,2017-01-01 07:08:38,1,4.00,2,N,145,48,1,52,0,0.5,11.65,5.54,0.3,69.99
2,2017-01-01 06:54:16,2017-01-01 06:56:05,1,.64,1,N,42,42,1,4,0,0.5,1.2,0,0.3,6
2,2017-01-01 06:54:17,2017-01-01 07:05:17,1,3.01,1,N,79,256,2,12,0,0.5,0,0,0.3,12.8
2,2017-01-01 06:54:18,2017-01-01 06:58:36,1,1.23,1,N,151,75,1,6,0,0.5,1.2,0,0.3,8
1,2017-01-01 06:54:19,2017-01-01 06:57:14,4,.60,1,N,237,229,2,4,0,0.5,0,0,0.3,4.8
2,2017-01-01 06:54:19,2017-01-01 07:09:42,1,7.42,1,N,140,243,2,22,0,0.5,0,0,0.3,22.8
2,2017-01-01 06:54:19,2017-01-01 07:05:05,6,3.23,1,N,50,125,2,12,0,0.5,0,0,0.3,12.8
1,2017-01-01 06:54:20,2017-01-01 07:00:27,1,1.90,1,N,140,75,1,7.5,0,0.5,1.65,0,0.3,9.95
1,2017-01-01 06:54:20,2017-01-01 06:59:03,1,1.00,1,N,162,186,1,5.5,0,0.5,1.25,0,0.3,7.55
1,2017-01-01 06:54:20,2017-01-01 06:57:54,2,.90,1,N,186,100,1,5,0,0.5,1,0,0.3,6.8
2,2017-01-01 06:54:21,2017-01-01 07:16:08,1,14.72,1,N,106,42,2,40,0,0.5,0,0,0.3,40.8
2,2017-01-01 06:54:21,2017-01-01 07:06:24,1,5.33,1,N,142,42,2,17.5,0,0.5,0,0,0.3,18.3
1,2017-01-01 06:54:23,2017-01-01 07:08:46,1,11.70,1,N,132,138,2,31.5,0,0.5,0,0,0.3,32.3
2,2017-01-01 06:54:23,2017-01-01 07:07:39,4,6.12,1,N,151,158,2,19,0,0.5,0,0,0.3,19.8
2,2017-01-01 06:54:23,2017-01-01 06:58:52,1,.74,1,N,68,234,1,5,0,0.5,1.45,0,0.3,7.25
1,2017-01-01 06:54:24,2017-01-01 06:57:51,1,.80,1,N,68,186,3,5,0,0.5,0,0,0.3,5.8
2,2017-01-01 06:54:25,2017-01-01 07:11:40,4,8.78,1,N,209,238,2,26,0,0.5,0,0,0.3,26.8
2,2017-01-01 06:54:26,2017-01-01 07:01:13,1,1.41,1,N,80,17,2,7.5,0,0.5,0,0,0.3,8.3
2,2017-01-01 06:54:27,2017-01-01 07:20:59,3,19.97,3,N,163,1,2,71,0,0,0,14.5,0.3,85.8
1,2017-01-01 06:54:28,2017-01-01 07:08:43,1,2.70,1,N,48,140,1,12.5,0,0.5,2.65,0,0.3,15.95
1,2017-01-01 06:54:28,2017-01-01 07:05:07,2,3.80,1,N,161,145,1,13,0,0.5,4.1,0,0.3,17.9
2,2017-01-01 06:54:28,2017-01-01 07:07:03,1,3.31,1,N,141,48,1,13,0,0.5,1,0,0.3,14.8
2,2017-01-01 06:54:29,2017-01-01 07:04:04,6,1.78,1,N,162,48,2,8.5,0,0.5,0,0,0.3,9.3
2,2017-01-01 06:54:30,2017-01-01 07:03:09,2,1.40,1,N,137,230,2,8,0,0.5,0,0,0.3,8.8
1,2017-01-01 06:54:31,2017-01-01 07:05:08,3,5.60,1,N,236,232,2,17,0,0.5,0,0,0.3,17.8
2,2017-01-01 06:54:31,2017-01-01 07:04:16,1,3.64,1,N,162,226,2,12.5,0,0.5,0,0,0.3,13.3
1,2017-01-01 06:54:32,2017-01-01 07:03:51,1,4.50,1,N,152,243,1,14.5,0,0.5,0,0,0.3,15.3
2,2017-01-01 06:54:32,2017-01-01 06:54:45,1,.06,1,N,161,161,2,2.5,0,0.5,0,0,0.3,3.3
2,2017-01-01 06:54:33,2017-01-01 06:58:42,1,1.00,1,N,137,186,2,5.5,0,0.5,0,0,0.3,6.3
2,2017-01-01 06:54:33,2017-01-01 06:56:07,1,.48,1,N,50,50,2,3.5,0,0.5,0,0,0.3,4.3
1,2017-01-01 06:54:34,2017-01-01 07:07:29,1,6.10,1,N,263,244,2,19.5,0,0.5,0,0,0.3,20.3
1,2017-01-01 06:54:34,2017-01-01 06:57:42,1,.90,1,N,238,166,2,5,0,0.5,0,0,0.3,5.8
1,2017-01-01 06:54:35,2017-01-01 06:55:53,1,.30,1,N,163,230,2,3,0,0.5,0,0,0.3,3.8
1,2017-01-01 06:54:35,2017-01-01 07:02:33,2,1.40,1,N,107,4,2,7.5,0,0.5,0,0,0.3,8.3
2,2017-01-01 06:54:35,2017-01-01 07:01:54,1,1.24,1,N,48,233,1,7.5,0,0.5,1,0,0.3,9.3
2,2017-01-01 06:54:36,2017-01-01 06:59:12,1,.66,1,N,68,158,1,5,0,0.5,3.03,0,0.3,8.83
1,2017-01-01 06:54:38,2017-01-01 06:59:50,1,1.10,1,N,249,107,1,6,0,0.5,1.35,0,0.3,8.15
2,2017-01-01 06:54:38,2017-01-01 07:01:01,1,1.14,1,N,152,41,2,6.5,0,0.5,0,0,0.3,7.3
2,2017-01-01 06:54:40,2017-01-01 07:02:29,5,2.62,1,N,170,140,1,9,0,0.5,2.75,0,0.3,12.55
1,2017-01-01 06:54:41,2017-01-01 06:58:24,2,.80,1,N,256,256,1,5,0,0.5,0,0,0.3,5.8
1,2017-01-01 06:54:41,2017-01-01 07:01:20,4,1.60,1,N,129,173,2,7.5,0,0.5,0,0,0.3,8.3
2,2017-01-01 06:54:41,2017-01-01 06:56:54,5,.89,1,N,233,137,1,4.5,0,0.5,1.06,0,0.3,6.36
2,2017-01-01 06:54:42,2017-01-01 07:09:55,1,4.02,1,N,79,48,1,14.5,0,0.5,3.06,0,0.3,18.36
2,2017-01-01 06:54:42,2017-01-01 07:02:03,5,1.96,1,N,168,41,2,8.5,0,0.5,0,0,0.3,9.3
2,2017-01-01 06:54:44,2017-01-01 07:23:43,1,17.38,2,N,132,140,1,52,0,0.5,2.2,0,0.3,55
2,2017-01-01 06:54:44,2017-01-01 07:23:42,1,7.74,1,N,90,36,2,27,0,0.5,0,0,0.3,27.8
2,2017-01-01 06:54:44,2017-01-01 07:01:46,1,2.19,1,N,4,162,2,9,0,0.5,0,0,0.3,9.8
2,2017-01-01 06:54:45,2017-01-01 07:18:29,1,16.05,2,N,229,132,1,52,0,0.5,7.2,0,0.3,60
2,2017-01-01 06:54:45,2017-01-01 06:57:18,1,.61,1,N,7,7,2,4,0,0.5,0,0,0.3,4.8
1,2017-01-01 06:54:46,2017-01-01 07:23:48,2,8.50,1,N,87,227,2,28,0,0.5,0,0,0.3,28.8
2,2017-01-01 06:54:46,2017-01-01 07:00:25,1,2.07,1,N,234,163,1,8,0,0.5,1.76,0,0.3,10.56
1,2017-01-01 06:54:48,2017-01-01 07:15:30,1,5.50,1,N,50,42,2,19,0,0.5,0,0,0.3,19.8
1,2017-01-01 06:54:49,2017-01-01 06:58:25,1,.40,1,N,141,262,2,4.5,0,0.5,0,0,0.3,5.3
1,2017-01-01 06:54:50,2017-01-01 06:57:46,1,.30,1,N,75,43,2,4,0,0.5,0,0,0.3,4.8
2,2017-01-01 06:54:50,2017-01-01 06:57:19,1,1.22,1,N,75,263,1,5.5,0,0.5,1.58,0,0.3,7.88
2,2017-01-01 06:54:51,2017-01-01 06:58:33,1,1.52,1,N,50,239,1,6,0,0.5,1.36,0,0.3,8.16
2,2017-01-01 06:54:51,2017-01-01 07:18:21,2,12.25,1,N,164,138,1,34.5,0,0.5,10.21,5.54,0.3,51.05
2,2017-01-01 06:54:51,2017-01-01 07:18:09,1,16.43,2,N,162,132,2,52,0,0.5,0,0,0.3,52.8
1,2017-01-01 06:54:52,2017-01-01 07:07:04,1,5.50,1,N,48,116,1,17.5,0,0.5,1,0,0.3,19.3
1,2017-01-01 06:54:52,2017-01-01 06:57:34,1,.50,1,N,237,162,1,4,0,0.5,1.2,0,0.3,6
2,2017-01-01 06:54:52,2017-01-01 07:00:25,1,1.70,1,N,79,162,2,7,0,0.5,0,0,0.3,7.8
2,2017-01-01 06:54:52,2017-01-01 07:02:13,1,3.21,1,N,145,141,1,10.5,0,0.5,2.26,0,0.3,13.56
1,2017-01-01 06:54:54,2017-01-01 06:58:54,1,1.20,1,N,74,75,1,5.5,0,0.5,1.25,0,0.3,7.55
1,2017-01-01 06:54:54,2017-01-01 07:18:00,2,10.40,1,N,132,225,1,30,0,0.5,5,0,0.3,35.8
2,2017-01-01 06:54:54,2017-01-01 07:03:14,1,1.95,1,N,79,231,2,8.5,0,0.5,0,0,0.3,9.3
2,2017-01-01 06:54:54,2017-01-01 06:59:32,1,1.65,1,N,233,224,1,7,0,0.5,1.56,0,0.3,9.36
2,2017-01-01 06:54:55,2017-01-01 07:03:27,5,2.56,1,N,262,162,1,10,0,0.5,2.16,0,0.3,12.96
2,2017-01-01 06:54:55,2017-01-01 07:08:04,1,3.13,1,N,186,140,2,12.5,0,0.5,0,0,0.3,13.3
2,2017-01-01 06:54:56,2017-01-01 07:04:52,6,3.30,1,N,48,262,1,11.5,0,0.5,1,0,0.3,13.3
1,2017-01-01 06:54:57,2017-01-01 06:59:50,1,1.30,1,N,238,236,1,6.5,0,0.5,1,0,0.3,8.3
1,2017-01-01 06:54:58,2017-01-01 07:06:50,1,2.80,1,N,244,42,2,12,0,0.5,0,0,0.3,12.8
2,2017-01-01 06:54:58,2017-01-01 06:56:59,5,.57,1,N,75,75,2,4,0,0.5,0,0,0.3,4.8
1,2017-01-01 06:54:59,2017-01-01 07:01:01,1,.90,1,N,48,186,1,6,0,0.5,2,0,0.3,8.8
2,2017-01-01 06:54:59,2017-01-01 06:58:04,2,.64,1,N,7,7,1,4.5,0,0.5,1.06,0,0.3,6.36
1,2017-01-01 06:55:01,2017-01-01 07:06:17,4,2.00,1,N,163,186,2,9,0,0.5,0,0,0.3,9.8
2,2017-01-01 06:55:01,2017-01-01 06:58:17,5,1.16,1,N,141,263,1,5.5,0,0.5,1.89,0,0.3,8.19
2,2017-01-01 06:55:03,2017-01-01 06:58:26,1,.74,1,N,41,42,2,5,0,0.5,0,0,0.3,5.8
2,2017-01-01 06:55:03,2017-01-01 07:09:03,1,7.33,1,N,75,248,2,21.5,0,0.5,0,0,0.3,22.3
2,2017-01-01 06:55:04,2017-01-01 07:03:54,1,2.01,1,N,238,163,2,9,0,0.5,0,0,0.3,9.8
2,2017-01-01 06:55:04,2017-01-01 07:07:58,2,4.65,1,N,116,47,2,15.5,0,0.5,0,0,0.3,16.3
2,2017-01-01 06:55:05,2017-01-01 07:01:28,1,4.12,1,N,238,244,2,13,0,0.5,0,0,0.3,13.8
2,2017-01-01 06:55:05,2017-01-01 07:05:34,1,1.66,1,N,100,233,2,8,0,0.5,0,0,0.3,8.8
2,2017-01-01 06:55:07,2017-01-01 07:13:35,1,5.20,1,N,148,37,2,18.5,0,0.5,0,0,0.3,19.3
1,2017-01-01 06:55:08,2017-01-01 07:03:35,1,3.20,1,N,161,74,2,11,0,0.5,0,0,0.3,11.8
2,2017-01-01 06:55:09,2017-01-01 07:01:46,2,2.07,1,N,140,75,2,8,0,0.5,0,0,0.3,8.8
2,2017-01-01 06:55:09,2017-01-01 07:04:24,1,1.28,1,N,61,61,1,8,0,0.5,0,0,0.3,8.8
1,2017-01-01 06:55:10,2017-01-01 07:10:31,1,9.90,1,N,153,233,2,28.5,0,0.5,0,0,0.3,29.3
1,2017-01-01 06:55:11,2017-01-01 07:01:03,1,1.00,1,N,107,90,2,6.5,0,0.5,0,0,0.3,7.3
1,2017-01-01 06:55:11,2017-01-01 07:07:01,1,8.00,1,N,33,140,2,22.5,0,0.5,0,0,0.3,23.3
2,2017-01-01 06:55:11,2017-01-01 07:02:00,5,2.74,1,N,229,75,1,9,0,0.5,1.96,0,0.3,11.76
2,2017-01-01 06:55:11,2017-01-01 07:14:56,1,3.30,1,N,163,79,2,11.5,0,0.5,0,0,0.3,12.3
2,2017-01-01 06:55:11,2017-01-01 06:57:43,1,1.16,1,N,170,229,2,5,0,0.5,0,0,0.3,5.8
2,2017-01-01 06:55:11,2017-01-01 07:07:53,1,3.48,1,N,146,50,1,13.5,0,0.5,0,0,0.3,14.3
1,2017-01-01 06:55:12,2017-01-01 07:04:39,1,2.60,1,N,256,114,1,11,0,0.5,1,0,0.3,12.8
1,2017-01-01 06:55:13,2017-01-01 07:16:15,2,9.60,1,N,144,42,4,29.5,0,0.5,0,0,0.3,30.3
2,2017-01-01 06:55:14,2017-01-01 07:13:47,6,.77,1,N,7,223,2,12,0,0.5,0,0,0.3,12.8
2,2017-01-01 06:55:15,2017-01-01 07:10:35,1,3.59,1,N,239,234,2,14,0,0.5,0,0,0.3,14.8
2,2017-01-01 06:55:17,2017-01-01 07:24:05,1,10.02,1,N,48,106,2,31.5,0,0.5,0,0,0.3,32.3
2,2017-01-01 06:55:18,2017-01-01 07:12:30,1,5.89,1,N,7,114,2,19.5,0,0.5,0,0,0.3,20.3
1,2017-01-01 06:55:19,2017-01-01 06:58:30,1,.60,1,N,237,140,3,4.5,0,0.5,0,0,0.3,5.3
2,2017-01-01 06:55:19,2017-01-01 07:07:36,1,2.07,1,N,74,41,2,10.5,0,0.5,0,0,0.3,11.3
2,2017-01-01 06:55:19,2017-01-01 06:58:58,6,.85,1,N,48,50,2,5,0,0.5,0,0,0.3,5.8
2,2017-01-01 06:55:19,2017-01-01 07:18:22,2,17.30,2,N,148,132,1,52,0,0.5,10.56,0,0.3,63.36
2,2017-01-01 06:55:19,2017-01-01 07:16:35,1,10.41,1,N,50,138,2,30.5,0,0.5,0,5.54,0.3,36.84
1,2017-01-01 06:55:20,2017-01-01 07:02:36,3,1.80,1,N,50,68,1,8,0,0.5,2,0,0.3,10.8
1,2017-01-01 06:55:21,2017-01-01 06:58:06,1,.60,1,N,137,224,2,4,0,0.5,0,0,0.3,4.8
1,2017-01-01 06:55:22,2017-01-01 07:11:05,2,4.10,1,N,40,89,2,15.5,0,0.5,0,0,0.3,16.3
2,2017-01-01 06:55:22,2017-01-01 07:24:53,1,19.93,2,N,132,24,1,52,0,0.5,11.67,5.54,0.3,70.01
2,2017-01-01 06:55:23,2017-01-01 07:08:42,1,3.20,1,N,100,238,1,12.5,0,0.5,3.32,0,0.3,16.62
2,2017-01-01 06:55:24,2017-01-01 07:05:00,1,1.52,1,N,161,48,2,8.5,0,0.5,0,0,0.3,9.3
1,2017-01-01 06:55:25,2017-01-01 07:24:55,1,17.80,2,N,142,132,1,52,0,0.5,5,0,0.3,57.8
2,2017-01-01 06:55:25,2017-01-01 07:13:24,2,6.55,1,N,45,71,2,21.5,0,0.5,0,0,0.3,22.3
1,2017-01-01 06:55:26,2017-01-01 07:12:50,1,11.20,1,N,186,200,1,31.5,0,0.5,6.95,2.45,0.3,41.7
1,2017-01-01 06:55:27,2017-01-01 07:03:16,1,2.10,1,N,72,39,2,9,0,0.5,0,0,0.3,9.8
1,2017-01-01 06:55:28,2017-01-01 07:11:36,1,5.80,1,N,68,226,3,19,0,0.5,0,0,0.3,19.8
1,2017-01-01 06:55:28,2017-01-01 07:20:13,3,19.50,2,N,132,263,2,52,0,0.5,0,5.54,0.3,58.34
2,2017-01-01 06:55:28,2017-01-01 07:00:41,5,1.44,1,N,186,142,1,6.5,0,0.5,1.46,0,0.3,8.76
2,2017-01-01 06:55:28,2017-01-01 06:55:31,2,.00,5,N,264,1,1,85,0,0.5,17.16,0,0.3,102.96
2,2017-01-01 06:55:32,2017-01-01 06:57:32,1,.96,1,N,229,137,1,4.5,0,0.5,1.06,0,0.3,6.36
1,2017-01-01 06:55:33,2017-01-01 06:58:32,1,.70,1,N,42,41,1,4.5,0,0.5,0,0,0.3,5.3
1,2017-01-01 06:55:35,2017-01-01 07:08:49,1,4.00,1,N,137,80,1,14.5,0,0.5,3.8,0,0.3,19.1
2,2017-01-01 06:55:35,2017-01-01 07:19:44,5,9.47,1,N,68,119,2,29.5,0,0.5,0,0,0.3,30.3
1,2017-01-01 06:55:36,2017-01-01 07:02:38,1,1.30,1,N,114,231,1,7,0,0.5,0,0,0.3,7.8
1,2017-01-01 06:55:38,2017-01-01 07:04:35,1,1.40,1,N,113,4,2,8,0,0.5,0,0,0.3,8.8
1,2017-01-01 06:55:39,2017-01-01 06:59:50,1,.90,1,N,230,142,1,5.5,0,0.5,1.55,0,0.3,7.85
2,2017-01-01 06:55:39,2017-01-01 07:00:46,2,.69,1,N,129,129,2,5.5,0,0.5,0,0,0.3,6.3
1,2017-01-01 06:55:42,2017-01-01 07:21:52,1,7.20,1,N,229,36,2,24.5,0,0.5,0,0,0.3,25.3
2,2017-01-01 06:55:43,2017-01-01 07:27:42,5,16.93,2,N,170,132,1,52,0,0.5,10,5.54,0.3,68.34
2,2017-01-01 06:55:43,2017-01-01 06:57:08,1,.44,1,N,79,4,2,3.5,0,0.5,0,0,0.3,4.3
2,2017-01-01 06:55:43,2017-01-01 07:15:13,2,6.25,1,N,79,89,2,21.5,0,0.5,0,0,0.3,22.3
1,2017-01-01 06:55:45,2017-01-01 07:17:50,1,15.80,1,N,132,80,1,43.5,0,0.5,6,0,0.3,50.3
2,2017-01-01 06:55:45,2017-01-01 07:17:24,1,10.33,1,N,234,244,1,30.5,0,0.5,7.82,0,0.3,39.12
2,2017-01-01 06:55:46,2017-01-01 07:08:07,1,6.40,1,N,141,7,2,18.5,0,0.5,0,5.54,0.3,24.84
2,2017-01-01 06:55:46,2017-01-01 07:34:23,6,9.41,1,N,41,148,2,36.5,0,0.5,0,0,0.3,37.3
2,2017-01-01 06:55:47,2017-01-01 06:59:44,3,1.64,1,N,236,141,2,6.5,0,0.5,0,0,0.3,7.3
2,2017-01-01 06:55:47,2017-01-01 06:58:28,1,1.11,1,N,263,140,1,5,0,0.5,1.74,0,0.3,7.54
2,2017-01-01 06:55:48,2017-01-01 07:08:29,1,2.79,1,N,141,48,2,11,0,0.5,0,0,0.3,11.8
2,2017-01-01 06:55:48,2017-01-01 06:57:31,1,.56,1,N,140,236,1,4,0,0.5,1.2,0,0.3,6
1,2017-01-01 06:55:49,2017-01-01 06:58:05,1,.70,1,N,90,48,2,4,0,0.5,0,0,0.3,4.8
2,2017-01-01 06:55:49,2017-01-01 07:23:37,1,8.50,1,N,144,223,1,27.5,0,0.5,4,0,0.3,32.3
2,2017-01-01 06:55:51,2017-01-01 06:58:33,1,.72,1,N,100,246,2,4.5,0,0.5,0,0,0.3,5.3
2,2017-01-01 06:55:52,2017-01-01 07:03:59,3,3.22,1,N,162,226,2,11,0,0.5,0,0,0.3,11.8
2,2017-01-01 06:55:52,2017-01-01 07:08:27,2,5.12,1,N,90,238,2,16.5,0,0.5,0,0,0.3,17.3
1,2017-01-01 06:55:53,2017-01-01 07:18:24,1,18.10,2,N,132,4,1,52,0,0.5,13.2,0,0.3,66
1,2017-01-01 06:55:54,2017-01-01 07:16:52,1,8.90,1,N,48,228,2,27,0,0.5,0,5.54,0.3,33.34
2,2017-01-01 06:55:54,2017-01-01 07:02:24,2,1.70,1,N,107,45,1,7.5,0,0.5,1.66,0,0.3,9.96
1,2017-01-01 06:55:55,2017-01-01 07:01:34,1,1.60,1,N,164,68,2,7,0,0.5,0,0,0.3,7.8
2,2017-01-01 06:55:55,2017-01-01 07:04:53,1,2.97,1,N,48,24,2,10.5,0,0.5,0,0,0.3,11.3
2,2017-01-01 06:55:55,2017-01-01 07:18:32,2,7.06,1,N,68,82,2,23.5,0,0.5,0,0,0.3,24.3
1,2017-01-01 06:55:56,2017-01-01 07:10:53,1,6.50,1,N,7,168,2,20.5,0,0.5,0,0,0.3,21.3
2,2017-01-01 06:55:56,2017-01-01 07:03:47,6,2.10,1,N,148,170,1,8.5,0,0.5,1.86,0,0.3,11.16
1,2017-01-01 06:55:57,2017-01-01 07:12:51,1,4.70,1,N,262,90,1,16.5,0,0.5,4.3,0,0.3,21.6
1,2017-01-01 06:55:58,2017-01-01 07:04:45,1,1.70,1,N,264,186,1,8.5,0,0.5,2.3,0,0.3,11.6
1,2017-01-01 06:55:58,2017-01-01 07:05:15,1,3.60,1,N,151,50,1,12.5,0,0.5,2.65,0,0.3,15.95
2,2017-01-01 06:55:58,2017-01-01 07:11:05,2,5.36,1,N,164,80,1,18,0,0.5,4.7,0,0.3,23.5
1,2017-01-01 06:56:00,2017-01-01 07:05:01,1,1.80,1,N,264,264,2,9,0,0.5,0,0,0.3,9.8
2,2017-01-01 06:56:00,2017-01-02 06:47:10,1,.90,1,N,170,107,1,5.5,0,0.5,0.63,0,0.3,6.93
2,2017-01-01 06:56:01,2017-01-01 07:17:29,3,8.92,1,N,79,228,2,27,0,0.5,0,0,0.3,27.8
2,2017-01-01 06:56:01,2017-01-01 06:56:04,1,.00,5,N,265,265,1,110,0,0,0.7,0,0.3,111
1,2017-01-01 06:56:02,2017-01-01 06:59:15,1,.70,1,N,196,82,2,5,0,0.5,0,0,0.3,5.8
1,2017-01-01 06:56:02,2017-01-01 07:08:52,1,4.60,1,N,238,107,1,15.5,0,0.5,4.05,0,0.3,20.35
2,2017-01-01 06:56:02,2017-01-01 07:02:34,1,2.84,1,N,142,166,2,9.5,0,0.5,0,0,0.3,10.3
2,2017-01-01 06:56:06,2017-01-01 07:04:19,1,2.24,1,N,48,237,2,9.5,0,0.5,0,0,0.3,10.3
2,2017-01-01 06:56:06,2017-01-01 06:59:00,2,.99,1,N,68,48,1,5,0,0.5,0,0,0.3,5.8
1,2017-01-01 06:56:07,2017-01-01 07:09:37,1,3.30,1,N,145,7,1,13,0,0.5,2,0,0.3,15.8
2,2017-01-01 06:56:07,2017-01-01 07:20:34,1,15.97,1,N,132,37,1,44,0,0.5,8.96,0,0.3,53.76
2,2017-01-01 06:56:08,2017-01-01 07:24:20,6,20.42,2,N,132,238,1,52,0,0.5,8.8,5.54,0.3,67.14
2,2017-01-01 06:56:08,2017-01-01 07:01:27,1,1.32,1,N,164,68,2,6.5,0,0.5,0,0,0.3,7.3
1,2017-01-01 06:56:09,2017-01-01 07:08:58,1,7.80,1,N,217,138,1,23,0,0.5,4,0,0.3,27.8
1,2017-01-01 06:56:09,2017-01-01 07:19:22,1,5.80,1,N,79,198,1,20.5,0,0.5,4.25,0,0.3,25.55
1,2017-01-01 06:56:09,2017-01-01 06:58:10,1,.80,1,N,48,142,1,4.5,0,0.5,1.55,0,0.3,6.85
2,2017-01-01 06:56:09,2017-01-01 07:04:53,3,2.95,1,N,148,25,1,11.5,0,0.5,2.46,0,0.3,14.76
1,2017-01-01 06:56:11,2017-01-01 06:58:16,1,.40,1,N,234,90,2,4,0,0.5,0,0,0.3,4.8
2,2017-01-01 06:56:13,2017-01-01 07:19:37,1,15.32,1,N,75,130,2,42,0,0.5,0,5.54,0.3,48.34
2,2017-01-01 06:56:16,2017-01-01 07:26:56,2,21.07,2,N,132,239,1,52,0,0.5,11.67,5.54,0.3,70.01
2,2017-01-01 06:56:17,2017-01-01 06:56:32,1,.00,2,N,74,74,1,52,0,0.5,11.67,5.54,0.3,70.01
1,2017-01-01 06:56:19,2017-01-01 07:30:01,1,18.00,1,N,132,165,2,50,0,0.5,0,0,0.3,50.8
2,2017-01-01 06:56:21,2017-01-01 07:19:35,1,18.86,3,N,186,1,1,68,0,0,6.2,15.5,0.3,90
2,2017-01-01 06:56:21,2017-01-01 06:59:58,1,.58,1,N,107,234,1,4.5,0,0.5,1.32,0,0.3,6.62
2,2017-01-01 06:56:23,2017-01-01 06:59:13,1,.89,1,N,238,166,2,4.5,0,0.5,0,0,0.3,5.3
2,2017-01-01 06:56:25,2017-01-01 07:27:42,1,11.42,1,N,230,258,2,35,0,0.5,0,0,0.3,35.8
2,2017-01-01 06:56:26,2017-01-01 07:02:03,2,2.17,1,N,231,66,2,8,0,0.5,0,0,0.3,8.8
1,2017-01-01 06:56:27,2017-01-01 06:59:51,1,1.00,1,N,224,137,2,5,0,0.5,0,0,0.3,5.8
2,2017-01-01 06:56:27,2017-01-01 07:07:54,1,2.15,1,N,135,130,2,10,0,0.5,0,0,0.3,10.8
1,2017-01-01 06:56:28,2017-01-01 07:01:58,1,1.20,1,N,48,163,2,6.5,0,0.5,0,0,0.3,7.3
1,2017-01-01 06:56:28,2017-01-01 07:06:07,1,6.10,1,N,238,120,1,18.5,0,0.5,3.85,0,0.3,23.15
2,2017-01-01 06:56:30,2017-01-01 07:00:35,1,.68,1,N,186,246,2,5,0,0.5,0,0,0.3,5.8
1,2017-01-01 06:56:32,2017-01-01 07:00:00,1,.60,1,N,4,79,1,4.5,0,0.5,1.05,0,0.3,6.35
2,2017-01-01 06:56:32,2017-01-01 07:13:18,2,9.37,1,N,132,98,2,27,0,0.5,0,0,0.3,27.8
1,2017-01-01 06:56:35,2017-01-01 07:00:43,1,.90,1,N,163,50,2,5.5,0,0.5,0,0,0.3,6.3
1,2017-01-01 06:56:35,2017-01-01 06:58:14,1,.80,1,N,236,75,1,4.5,0,0.5,1.05,0,0.3,6.35
2,2017-01-01 06:56:35,2017-01-01 07:03:39,1,1.73,1,N,79,186,1,8,0,0.5,0,0,0.3,8.8
2,2017-01-01 06:56:35,2017-01-01 06:59:57,1,.76,1,N,162,161,1,4.5,0,0.5,1.32,0,0.3,6.62
1,2017-01-01 06:56:36,2017-01-01 06:59:21,1,.70,1,N,50,48,1,4,0,0.5,0.95,0,0.3,5.75
1,2017-01-01 06:56:36,2017-01-01 06:58:57,1,.30,1,N,186,164,2,3.5,0,0.5,0,0,0.3,4.3
2,2017-01-01 06:56:36,2017-01-01 07:19:33,1,10.67,1,N,161,138,1,31,0,0.5,7.95,0,0.3,39.75
2,2017-01-01 06:56:36,2017-01-01 07:01:23,2,1.19,1,N,90,170,1,6,0,0.5,1,0,0.3,7.8
1,2017-01-01 06:56:37,2017-01-01 07:22:03,3,18.40,2,N,132,41,2,52,0,0.5,0,5.54,0.3,58.34
1,2017-01-01 06:56:37,2017-01-01 07:09:34,1,4.00,1,N,151,229,2,13.5,0,0.5,0,0,0.3,14.3
2,2017-01-01 06:56:38,2017-01-01 07:08:41,6,2.36,1,N,162,143,2,11,0,0.5,0,0,0.3,11.8
2,2017-01-01 06:56:40,2017-01-01 07:39:01,1,12.14,5,N,62,132,2,52,0,0,0,0,0.3,56.2
2,2017-01-01 06:56:40,2017-01-01 06:59:55,1,.53,1,N,260,226,1,4.5,0,0.5,1.06,0,0.3,6.36
2,2017-01-01 06:56:41,2017-01-01 07:23:28,1,17.56,2,N,48,132,1,52,0,0.5,0,5.54,0.3,58.34
1,2017-01-01 06:56:42,2017-01-01 06:58:58,2,.50,1,N,173,82,2,4,0,0.5,0,0,0.3,4.8
1,2017-01-01 06:56:43,2017-01-01 07:03:46,1,2.20,1,N,50,68,2,8,0,0.5,0,0,0.3,8.8
1,2017-01-01 06:56:45,2017-01-01 07:09:39,1,3.60,1,N,264,264,2,14,0,0.5,0,0,0.3,14.8
2,2017-01-01 06:56:45,2017-01-01 06:59:31,1,.32,1,N,161,230,1,4,0,0.5,0.96,0,0.3,5.76
1,2017-01-01 06:56:47,2017-01-01 06:59:26,1,.80,1,N,68,234,1,4.5,0,0.5,1.05,0,0.3,6.35
2,2017-01-01 06:56:47,2017-01-01 07:03:50,1,2.38,1,N,79,229,1,9,0,0.5,1,0,0.3,10.8
2,2017-01-01 06:56:48,2017-01-01 07:00:04,1,.94,1,N,263,75,1,5,0,0.5,1.16,0,0.3,6.96
1,2017-01-01 06:56:49,2017-01-01 06:56:54,1,4.10,1,N,79,79,2,2.5,0,0.5,0,0,0.3,3.3
1,2017-01-01 06:56:49,2017-01-01 06:59:30,1,.70,1,N,75,74,2,4.5,0,0.5,0,0,0.3,5.3
2,2017-01-01 06:56:50,2017-01-01 07:05:35,1,2.57,1,N,230,263,1,9.5,0,0.5,2.06,0,0.3,12.36
1,2017-01-01 06:56:51,2017-01-01 06:59:28,1,.80,1,N,186,234,1,4.5,0,0.5,1.3,0,0.3,6.6
1,2017-01-01 06:56:51,2017-01-01 07:11:10,1,5.70,1,N,79,75,1,17.5,0,0.5,3.65,0,0.3,21.95
1,2017-01-01 06:56:52,2017-01-01 06:58:03,1,.40,1,N,230,163,4,3.5,0,0.5,0,0,0.3,4.3
1,2017-01-01 06:56:52,2017-01-01 07:00:51,1,.70,1,N,75,75,1,5,0,0.5,1.15,0,0.3,6.95
1,2017-01-01 06:56:52,2017-01-01 07:07:33,1,3.10,1,N,186,236,1,11.5,0,0.5,2,0,0.3,14.3
1,2017-01-01 06:56:53,2017-01-01 07:00:23,1,.70,1,N,82,173,2,4.5,0,0.5,0,0,0.3,5.3
2,2017-01-01 06:56:53,2017-01-01 07:05:42,1,3.47,1,N,107,263,2,11,0,0.5,0,0,0.3,11.8
2,2017-01-01 06:56:54,2017-01-01 07:12:39,1,6.30,1,N,152,186,1,20.5,0,0.5,0,0,0.3,21.3
2,2017-01-01 06:56:54,2017-01-01 07:06:23,6,2.93,1,N,114,48,2,11,0,0.5,0,0,0.3,11.8
2,2017-01-01 06:56:57,2017-01-01 07:01:03,1,.73,1,N,48,162,2,5.5,0,0.5,0,0,0.3,6.3
1,2017-01-01 06:56:58,2017-01-01 07:05:14,1,1.40,1,N,50,161,1,8,0,0.5,1.75,0,0.3,10.55
2,2017-01-01 06:56:59,2017-01-01 07:25:20,1,8.39,1,N,68,159,2,27,0,0.5,0,0,0.3,27.8
1,2017-01-01 06:57:00,2017-01-01 07:26:53,1,8.60,1,N,173,116,2,28.5,0,0.5,0,5.54,0.3,34.84
1,2017-01-01 06:57:00,2017-01-01 07:13:14,4,4.40,1,N,36,79,2,16,0,0.5,0,0,0.3,16.8
1,2017-01-01 06:57:00,2017-01-01 07:19:51,1,12.10,1,Y,79,197,1,34,0,0.5,2,5.54,0.3,42.34
2,2017-01-01 06:57:00,2017-01-01 07:00:51,2,1.05,1,N,170,161,1,5.5,0,0.5,1.58,0,0.3,7.88
2,2017-01-01 06:57:01,2017-01-01 07:14:16,1,6.17,1,N,114,74,1,19,0,0.5,3.96,0,0.3,23.76
1,2017-01-01 06:57:02,2017-01-01 06:57:47,1,.00,1,N,230,163,2,2.5,0,0.5,0,0,0.3,3.3
1,2017-01-01 06:57:04,2017-01-01 07:00:50,1,.70,1,N,133,257,2,4.5,0,0.5,0,0,0.3,5.3
1,2017-01-01 06:57:04,2017-01-01 07:09:37,1,5.40,1,N,87,186,1,17.5,0,0.5,3.65,0,0.3,21.95
1,2017-01-01 06:57:07,2017-01-01 07:07:34,1,3.70,1,N,262,186,1,13,0,0.5,2.5,0,0.3,16.3
1,2017-01-01 06:57:07,2017-01-01 07:06:41,1,2.10,1,N,170,68,1,9.5,0,0.5,2.05,0,0.3,12.35
2,2017-01-01 06:57:07,2017-01-01 07:03:02,1,2.60,1,N,141,137,1,9,0,0.5,1,0,0.3,10.8
1,2017-01-01 06:57:08,2017-01-01 06:57:48,1,.00,1,N,244,244,3,2.5,0,0.5,0,0,0.3,3.3
2,2017-01-01 06:57:10,2017-01-01 07:01:10,4,1.35,1,N,152,41,1,6,0,0.5,1.36,0,0.3,8.16
2,2017-01-01 06:57:11,2017-01-01 07:18:33,3,5.88,1,N,79,37,2,20.5,0,0.5,0,0,0.3,21.3
2,2017-01-01 06:57:11,2017-01-01 07:04:10,5,2.61,1,N,237,186,1,9.5,0,0.5,2.06,0,0.3,12.36
2,2017-01-01 06:57:11,2017-01-01 07:01:26,1,1.52,1,N,162,107,1,6.5,0,0.5,0,0,0.3,7.3
1,2017-01-01 06:57:13,2017-01-01 06:59:46,2,.60,1,N,140,141,1,4,0,0.5,0.95,0,0.3,5.75
2,2017-01-01 06:57:13,2017-01-01 07:08:50,1,2.39,1,N,68,229,2,11,0,0.5,0,0,0.3,11.8
2,2017-01-01 06:57:14,2017-01-01 07:14:04,1,4.45,1,N,237,146,2,16.5,0,0.5,0,0,0.3,17.3
1,2017-01-01 06:57:15,2017-01-01 07:37:32,1,10.70,1,N,68,180,2,35.5,0,0.5,0,0,0.3,36.3
1,2017-01-01 06:57:15,2017-01-01 07:07:30,1,1.60,1,N,48,163,2,9,0,0.5,0,0,0.3,9.8
1,2017-01-01 06:57:16,2017-01-01 07:19:59,1,17.70,2,N,79,132,1,52,0,0.5,10,0,0.3,62.8
2,2017-01-01 06:57:16,2017-01-01 07:18:08,1,14.47,1,N,132,91,1,39.5,0,0.5,4,0,0.3,44.3
1,2017-01-01 06:57:17,2017-01-01 07:13:38,1,5.70,1,N,17,37,2,18.5,0,0.5,0,0,0.3,19.3
1,2017-01-01 06:57:17,2017-01-01 07:16:31,1,9.50,1,N,90,244,1,28.5,0,0.5,1,0,0.3,30.3
2,2017-01-01 06:57:19,2017-01-01 07:06:48,6,1.71,1,N,161,100,1,8.5,0,0.5,2.79,0,0.3,12.09
2,2017-01-01 06:57:20,2017-01-01 07:14:19,4,6.02,1,N,162,80,2,19.5,0,0.5,0,0,0.3,20.3
1,2017-01-01 06:57:23,2017-01-01 07:06:30,1,2.30,1,N,75,41,1,9.5,0,0.5,2.05,0,0.3,12.35
2,2017-01-01 06:57:23,2017-01-01 07:13:03,2,4.99,1,N,90,75,2,16.5,0,0.5,0,0,0.3,17.3
2,2017-01-01 06:57:24,2017-01-01 07:02:53,2,1.24,1,N,237,237,2,6.5,0,0.5,0,0,0.3,7.3
1,2017-01-01 06:57:25,2017-01-01 07:01:57,1,.90,1,N,186,68,1,5.5,0,0.5,1.25,0,0.3,7.55
2,2017-01-01 06:57:25,2017-01-01 07:04:59,1,1.71,1,N,79,68,2,8,0,0.5,0,0,0.3,8.8
2,2017-01-01 06:57:25,2017-01-01 07:02:33,1,1.31,1,N,125,249,2,6,0,0.5,0,0,0.3,6.8
2,2017-01-01 06:57:26,2017-01-01 07:13:16,1,5.31,1,N,249,80,2,18,0,0.5,0,0,0.3,18.8
1,2017-01-01 06:57:27,2017-01-01 07:04:38,1,1.40,1,N,71,89,1,7.5,0,0.5,0.42,0,0.3,8.72
1,2017-01-01 06:57:28,2017-01-01 07:03:58,1,1.90,1,N,237,186,2,8,0,0.5,0,0,0.3,8.8
2,2017-01-01 06:57:28,2017-01-01 07:05:04,2,1.59,1,N,249,107,1,8,0,0.5,1.76,0,0.3,10.56
1,2017-01-01 06:57:30,2017-01-01 07:16:08,1,14.50,1,N,132,129,2,39.5,0,0.5,0,0,0.3,40.3
2,2017-01-01 06:57:31,2017-01-01 07:01:41,4,.85,1,N,233,162,2,5,0,0.5,0,0,0.3,5.8
1,2017-01-01 06:57:32,2017-01-01 07:16:29,2,4.90,1,N,162,129,2,18.5,0,0.5,0,0,0.3,19.3
2,2017-01-01 06:57:32,2017-01-01 07:10:16,2,4.87,1,N,114,75,1,15.5,0,0.5,3.26,0,0.3,19.56
1,2017-01-01 06:57:33,2017-01-01 07:06:28,1,2.80,1,N,148,80,1,10.5,0,0.5,0,0,0.3,11.3
2,2017-01-01 06:57:33,2017-01-02 06:25:16,1,2.33,1,N,87,114,1,9.5,0,0.5,0,0,0.3,10.3
2,2017-01-01 06:57:33,2017-01-01 07:13:32,2,9.13,1,N,162,138,1,26,0,0.5,0,5.54,0.3,32.34
2,2017-01-01 06:57:34,2017-01-01 07:03:16,1,1.14,1,N,79,90,1,6.5,0,0.5,1.82,0,0.3,9.12
1,2017-01-01 06:57:36,2017-01-01 07:01:27,1,.70,1,N,50,143,1,5,0,0.5,0.87,0,0.3,6.67
1,2017-01-01 06:57:38,2017-01-01 07:02:11,1,1.00,1,N,234,186,1,6,0,0.5,2,0,0.3,8.8
2,2017-01-01 06:57:38,2017-01-01 06:58:19,3,1.43,5,N,265,265,1,90,0,0,0,0,0.3,90.3
1,2017-01-01 06:57:39,2017-01-01 07:10:38,1,3.90,1,N,48,75,2,12.5,0,0.5,0,0,0.3,13.3
1,2017-01-01 06:57:39,2017-01-01 07:10:50,1,4.90,1,N,88,161,2,15.5,0.5,0.5,0,0,0.3,16.8
2,2017-01-01 06:57:39,2017-01-01 07:02:30,1,.88,1,N,256,255,1,5.5,0,0.5,1.89,0,0.3,8.19
2,2017-01-01 06:57:39,2017-01-01 07:13:14,1,3.97,1,N,263,186,1,15.5,0,0.5,3.26,0,0.3,19.56
2,2017-01-01 06:57:40,2017-01-01 06:57:44,2,.00,5,N,232,232,1,20,0,0.5,0,0,0.3,20.8
2,2017-01-01 06:57:40,2017-01-01 07:09:18,1,4.00,1,N,107,236,1,13.5,0,0.5,2.86,0,0.3,17.16
1,2017-01-01 06:57:41,2017-01-01 06:57:41,1,.00,1,N,79,264,2,2.5,0,0.5,0,0,0.3,3.3
1,2017-01-01 06:57:41,2017-01-01 07:14:06,1,8.50,1,N,212,24,2,25,0,0.5,0,0,0.3,25.8
2,2017-01-01 06:57:41,2017-01-01 07:26:13,1,10.40,1,N,48,257,2,33,0,0.5,0,0,0.3,33.8
1,2017-01-01 06:57:44,2017-01-01 07:08:37,1,2.80,1,N,237,50,1,11,0,0.5,0,0,0.3,11.8
2,2017-01-01 06:57:44,2017-01-01 07:11:41,3,5.28,1,N,137,74,2,16,0,0.5,0,0,0.3,16.8
2,2017-01-01 06:57:47,2017-01-01 07:04:07,1,.88,1,N,107,234,1,6.5,0,0.5,0,0,0.3,7.3
1,2017-01-01 06:57:48,2017-01-01 07:05:13,1,1.80,1,N,75,141,1,8,0,0.5,1.75,0,0.3,10.55
1,2017-01-01 06:57:49,2017-01-01 07:02:15,1,1.00,1,N,158,234,2,5.5,0,0.5,0,0,0.3,6.3
1,2017-01-01 06:57:50,2017-01-01 07:10:38,1,3.90,1,N,186,75,2,13.5,0,0.5,0,0,0.3,14.3
1,2017-01-01 06:57:50,2017-01-01 07:10:31,1,4.80,1,N,43,113,2,15.5,0,0.5,0,0,0.3,16.3
2,2017-01-01 06:57:50,2017-01-01 07:31:23,1,7.98,1,N,129,186,2,29,0,0.5,0,0,0.3,29.8
2,2017-01-01 06:57:51,2017-01-01 07:02:58,1,1.12,1,N,90,224,2,6,0,0.5,0,0,0.3,6.8
2,2017-01-01 06:57:51,2017-01-01 07:28:29,1,18.72,1,N,132,247,2,52,0,0.5,0,5.54,0.3,58.34
2,2017-01-01 06:57:51,2017-01-01 07:10:13,5,4.76,1,N,263,7,2,15.5,0,0.5,0,0,0.3,16.3
1,2017-01-01 06:57:52,2017-01-01 07:17:17,1,9.80,1,N,114,160,1,28.5,0,0.5,5.85,0,0.3,35.15
2,2017-01-01 06:57:53,2017-01-01 07:01:33,1,.73,1,N,263,141,2,5,0,0.5,0,0,0.3,5.8
2,2017-01-01 06:57:53,2017-01-01 07:01:40,1,1.67,1,N,263,74,2,6.5,0,0.5,0,0,0.3,7.3
1,2017-01-01 06:57:54,2017-01-01 07:07:48,1,2.80,1,N,75,140,1,10.5,0,0.5,1,0,0.3,12.3
1,2017-01-01 06:57:55,2017-01-01 07:04:10,1,1.80,1,N,193,226,1,8,0,0.5,2.2,0,0.3,11
1,2017-01-01 06:57:55,2017-01-01 07:17:38,1,11.40,1,N,233,138,1,31.5,0,0.5,7.55,5.54,0.3,45.39
2,2017-01-01 06:57:55,2017-01-01 07:01:38,2,.87,1,N,148,249,1,5,0,0.5,0.87,0,0.3,6.67
1,2017-01-01 06:57:56,2017-01-01 07:05:00,1,1.70,1,N,262,237,1,7.5,0,0.5,1.65,0,0.3,9.95
1,2017-01-01 06:57:57,2017-01-01 07:01:03,1,.60,1,N,263,262,2,4.5,0,0.5,0,0,0.3,5.3
1,2017-01-01 06:58:00,2017-01-01 07:05:19,1,2.10,1,N,48,234,1,8.5,0,0.5,1.85,0,0.3,11.15
2,2017-01-01 06:58:01,2017-01-01 07:05:48,1,2.00,1,N,68,107,2,8.5,0,0.5,0,0,0.3,9.3
2,2017-01-01 06:58:02,2017-01-01 07:01:17,1,.61,1,N,79,113,2,5,0,0.5,0,0,0.3,5.8
2,2017-01-01 06:58:02,2017-01-01 07:18:32,1,8.26,1,N,249,168,2,26,0,0.5,0,0,0.3,26.8
1,2017-01-01 06:58:03,2017-01-01 07:10:23,1,4.80,1,N,193,75,2,15.5,0,0.5,0,0,0.3,16.3
2,2017-01-01 06:58:03,2017-01-01 07:01:29,1,.59,1,N,230,48,2,4.5,0,0.5,0,0,0.3,5.3
1,2017-01-01 06:58:04,2017-01-01 07:10:15,2,4.00,1,N,164,75,1,13.5,0,0.5,1,0,0.3,15.3
1,2017-01-01 06:58:05,2017-01-01 07:01:59,1,1.80,1,N,75,141,2,7,0,0.5,0,0,0.3,7.8
2,2017-01-01 06:58:05,2017-01-01 07:11:35,2,3.36,1,N,238,74,1,13.5,0,0.5,2,0,0.3,16.3
2,2017-01-01 06:58:05,2017-01-01 07:05:51,6,1.78,1,N,152,244,1,8,0,0.5,1,0,0.3,9.8
2,2017-01-01 06:58:06,2017-01-01 07:06:59,1,4.00,1,N,137,236,2,12.5,0,0.5,0,0,0.3,13.3
1,2017-01-01 06:58:07,2017-01-01 07:04:51,2,1.70,1,N,161,79,2,7.5,0,0.5,0,0,0.3,8.3
1,2017-01-01 06:58:07,2017-01-01 07:11:33,1,6.00,1,N,50,116,2,18.5,0,0.5,0,0,0.3,19.3
1,2017-01-01 06:58:08,2017-01-01 07:05:49,1,2.80,1,N,79,229,1,9.5,0,0.5,1,0,0.3,11.3
2,2017-01-01 06:58:09,2017-01-01 07:05:57,2,1.27,1,N,48,162,2,7.5,0,0.5,0,0,0.3,8.3
1,2017-01-01 06:58:10,2017-01-01 07:26:32,1,17.90,2,N,50,132,1,52,0,0.5,11.65,5.54,0.3,69.99
2,2017-01-01 06:58:10,2017-01-01 07:04:24,1,1.76,1,N,50,186,2,7.5,0,0.5,0,0,0.3,8.3
2,2017-01-01 06:58:12,2017-01-01 07:07:43,1,3.68,1,N,164,75,1,12,0,0.5,2.56,0,0.3,15.36
1,2017-01-01 06:58:15,2017-01-01 07:09:51,1,2.70,1,N,264,264,1,11.5,0,0.5,2,0,0.3,14.3
2,2017-01-01 06:58:16,2017-01-01 07:12:13,1,3.34,1,N,166,263,2,14,0,0.5,0,0,0.3,14.8
2,2017-01-01 06:58:16,2017-01-01 07:26:58,1,16.08,3,N,230,1,1,62,0,0,11.55,10.5,0.3,84.35
2,2017-01-01 06:58:17,2017-01-01 07:01:00,5,.57,1,N,42,116,2,4.5,0,0.5,0,0,0.3,5.3
2,2017-01-01 06:58:18,2017-01-01 07:00:48,1,.57,1,N,170,170,2,4,0,0.5,0,0,0.3,4.8
1,2017-01-01 06:58:19,2017-01-01 07:06:48,1,2.10,1,N,229,186,1,9,0,0.5,1.95,0,0.3,11.75
2,2017-01-01 06:58:19,2017-01-01 07:03:13,1,1.07,1,N,162,163,2,6,0,0.5,0,0,0.3,6.8
2,2017-01-01 06:58:19,2017-01-01 06:59:50,1,.51,1,N,186,164,1,3.5,0,0.5,1,0,0.3,5.3
2,2017-01-01 06:58:19,2017-01-01 07:23:32,2,19.74,2,N,87,132,2,52,0,0.5,0,0,0.3,52.8
1,2017-01-01 06:58:20,2017-01-01 07:19:14,1,6.20,1,N,129,48,2,21,0,0.5,0,0,0.3,21.8
2,2017-01-01 06:58:20,2017-01-01 07:20:33,1,17.72,2,N,162,132,1,52,0,0.5,0,5.54,0.3,58.34
1,2017-01-01 06:58:21,2017-01-01 07:09:16,1,4.90,1,N,116,167,2,16.5,0,0.5,0,0,0.3,17.3
2,2017-01-01 06:58:21,2017-01-01 07:09:14,2,3.13,1,N,237,238,1,11.5,0,0.5,3.08,0,0.3,15.38
1,2017-01-01 06:58:22,2017-01-01 07:10:09,1,8.30,1,N,220,239,2,23.5,0,0.5,0,0,0.3,24.3
2,2017-01-01 06:58:23,2017-01-01 07:01:18,1,.81,1,N,129,260,2,5,0,0.5,0,0,0.3,5.8
2,2017-01-01 06:58:24,2017-01-01 07:09:04,5,2.59,1,N,141,238,2,10.5,0,0.5,0,0,0.3,11.3
1,2017-01-01 06:58:26,2017-01-01 07:07:23,1,2.20,1,N,237,48,2,9.5,0,0.5,0,0,0.3,10.3
1,2017-01-01 06:58:26,2017-01-01 07:02:30,1,1.90,1,N,75,237,1,7,0,0.5,1,0,0.3,8.8
2,2017-01-01 06:58:26,2017-01-01 07:01:07,1,.85,1,N,107,137,1,4.5,0,0.5,1.06,0,0.3,6.36
1,2017-01-01 06:58:28,2017-01-01 07:06:33,1,2.00,1,N,137,230,2,9,0,0.5,0,0,0.3,9.8
2,2017-01-01 06:58:28,2017-01-01 07:00:21,2,.62,1,N,224,137,2,4,0,0.5,0,0,0.3,4.8
2,2017-01-01 06:58:30,2017-01-01 07:18:41,1,9.77,1,N,100,243,1,28.5,0,0.5,5.86,0,0.3,35.16
1,2017-01-01 06:58:31,2017-01-01 07:01:31,1,.70,1,N,164,137,4,4.5,0,0.5,0,0,0.3,5.3
2,2017-01-01 06:58:31,2017-01-01 07:02:45,2,1.10,1,N,163,143,2,5.5,0,0.5,0,0,0.3,6.3
1,2017-01-01 06:58:32,2017-01-01 07:05:51,1,1.90,1,N,186,79,2,8,0,0.5,0,0,0.3,8.8
2,2017-01-01 06:58:32,2017-01-01 07:03:05,1,1.53,1,N,142,246,2,6.5,0,0.5,0,0,0.3,7.3
1,2017-01-01 06:58:33,2017-01-01 07:07:51,1,2.30,1,N,4,186,1,10,0,0.5,2.15,0,0.3,12.95
2,2017-01-01 06:58:33,2017-01-01 07:00:54,1,.58,1,N,107,79,1,4,0,0.5,0.96,0,0.3,5.76
1,2017-01-01 06:58:34,2017-01-01 07:10:39,1,3.90,1,N,144,181,2,14.5,0,0.5,0,0,0.3,15.3
1,2017-01-01 06:58:35,2017-01-01 07:10:04,1,2.60,1,N,146,179,1,11.5,0,0.5,2.45,0,0.3,14.75
1,2017-01-01 06:58:36,2017-01-01 07:20:40,1,12.50,1,N,148,127,2,35.5,0,0.5,0,0,0.3,36.3
1,2017-01-01 06:58:36,2017-01-01 07:10:18,3,2.20,1,N,247,136,2,10,0,0.5,0,0,0.3,10.8
2,2017-01-01 06:58:36,2017-01-01 07:23:47,1,17.52,2,N,132,224,2,52,0,0.5,0,5.54,0.3,58.34
2,2017-01-01 06:58:36,2017-01-01 07:07:37,6,2.86,1,N,161,262,1,10.5,0,0.5,2.26,0,0.3,13.56
1,2017-01-01 06:58:38,2017-01-01 07:03:51,1,1.60,1,N,79,164,1,7,0,0.5,0.78,0,0.3,8.58
2,2017-01-01 06:58:39,2017-01-01 07:03:45,1,1.31,1,N,238,75,2,6.5,0,0.5,0,0,0.3,7.3
1,2017-01-01 06:58:40,2017-01-01 07:12:48,1,6.10,1,N,100,160,2,18.5,0,0.5,0,5.54,0.3,24.84
2,2017-01-01 06:58:40,2017-01-01 07:32:44,1,11.15,1,N,229,223,1,34.5,0,0.5,7,0,0.3,42.3
1,2017-01-01 06:58:41,2017-01-01 07:42:53,1,9.50,1,N,186,188,2,38,0,0.5,0,0,0.3,38.8
1,2017-01-01 06:58:41,2017-01-01 07:12:56,1,3.70,1,N,148,68,1,14.5,0,0.5,2,0,0.3,17.3
1,2017-01-01 06:58:42,2017-01-01 07:10:14,1,3.70,1,N,144,50,2,13.5,0,0.5,0,0,0.3,14.3
2,2017-01-01 06:58:42,2017-01-01 07:03:36,5,.97,1,N,74,74,2,5.5,0,0.5,0,0,0.3,6.3
1,2017-01-01 06:58:44,2017-01-01 07:13:38,2,4.30,1,N,125,17,2,16,0,0.5,0,0,0.3,16.8
1,2017-01-01 06:58:44,2017-01-01 07:20:30,3,6.30,1,N,113,188,2,22.5,0,0.5,0,0,0.3,23.3
2,2017-01-01 06:58:44,2017-01-01 07:10:45,1,2.43,1,N,236,166,2,10.5,0,0.5,0,0,0.3,11.3
1,2017-01-01 06:58:45,2017-01-01 07:03:33,2,.90,1,N,249,68,1,5.5,0,0.5,1.55,0,0.3,7.85
1,2017-01-01 06:58:46,2017-01-01 07:25:39,1,18.70,2,N,238,132,1,52,0,0.5,0,5.54,0.3,58.34
1,2017-01-01 06:58:47,2017-01-01 07:01:26,1,.50,1,N,234,234,2,4,0,0.5,0,0,0.3,4.8
2,2017-01-01 06:58:47,2017-01-01 07:05:32,1,1.55,1,N,137,79,2,7.5,0,0.5,0,0,0.3,8.3
1,2017-01-01 06:58:49,2017-01-01 07:07:47,1,1.80,1,N,140,75,1,9,0,0.5,1.95,0,0.3,11.75
1,2017-01-01 06:58:52,2017-01-01 07:09:57,1,3.20,1,N,239,246,1,12,0,0.5,2.55,0,0.3,15.35
2,2017-01-01 06:58:54,2017-01-01 07:04:48,4,1.16,1,N,179,223,2,6.5,0,0.5,0,0,0.3,7.3
2,2017-01-01 06:58:54,2017-01-01 07:07:40,2,1.85,1,N,68,144,2,8.5,0,0.5,0,0,0.3,9.3
2,2017-01-01 06:58:56,2017-01-01 07:22:59,1,7.73,1,N,186,62,1,25.5,0,0.5,2,0,0.3,28.3
2,2017-01-01 06:58:56,2017-01-01 07:05:12,1,2.60,1,N,229,226,2,9.5,0,0.5,0,0,0.3,10.3
1,2017-01-01 06:58:57,2017-01-01 07:05:01,1,1.40,1,N,230,186,1,7,0,0.5,0,0,0.3,7.8
2,2017-01-01 06:58:57,2017-01-01 07:06:15,1,1.92,1,N,43,90,2,7.5,0,0.5,0,0,0.3,8.3
2,2017-01-01 06:58:58,2017-01-01 07:01:37,2,1.31,1,N,249,90,1,5.5,0,0.5,1.26,0,0.3,7.56
2,2017-01-01 06:58:59,2017-01-01 07:23:51,1,16.66,1,N,13,138,1,45,0,0.5,0,5.54,0.3,51.34
2,2017-01-01 06:58:59,2017-01-01 07:13:34,1,14.00,1,N,132,194,2,38,0,0.5,0,0,0.3,38.8
2,2017-01-01 06:58:59,2017-01-01 07:20:33,1,6.46,1,N,48,80,1,22.5,0,0.5,4,0,0.3,27.3
1,2017-01-01 06:59:03,2017-01-01 07:04:26,2,1.70,1,N,112,217,2,7,0,0.5,0,0,0.3,7.8
2,2017-01-01 06:59:03,2017-01-01 07:00:56,3,.73,1,N,141,141,2,4,0,0.5,0,0,0.3,4.8
2,2017-01-01 06:59:03,2017-01-01 06:59:06,1,.00,2,N,264,143,1,52,0,0.5,10.56,0,0.3,63.36
1,2017-01-01 06:59:04,2017-01-01 07:05:42,1,1.60,1,N,79,170,2,7.5,0,0.5,0,0,0.3,8.3
2,2017-01-01 06:59:04,2017-01-01 07:10:57,1,4.51,1,N,65,68,1,15,0,0.5,3.16,0,0.3,18.96
1,2017-01-01 06:59:05,2017-01-01 07:01:10,1,.80,1,N,107,137,2,4.5,0,0.5,0,0,0.3,5.3
1,2017-01-01 06:59:05,2017-01-01 07:10:28,1,3.60,1,N,264,264,2,12.5,0,0.5,0,0,0.3,13.3
1,2017-01-01 06:59:05,2017-01-01 07:31:23,1,9.80,1,N,36,132,2,33.5,0,0.5,0,0,0.3,34.3
2,2017-01-01 06:59:05,2017-01-01 07:09:19,1,4.12,1,N,48,137,2,13,0,0.5,0,0,0.3,13.8
2,2017-01-01 06:59:08,2017-01-01 07:03:07,1,.72,1,N,141,140,2,5,0,0.5,0,0,0.3,5.8
1,2017-01-01 06:59:09,2017-01-01 07:03:02,1,.70,1,N,239,238,1,5,0,0.5,1.15,0,0.3,6.95
2,2017-01-01 06:59:09,2017-01-01 07:09:18,1,6.01,1,N,87,140,1,17.5,0,0.5,3.66,0,0.3,21.96
2,2017-01-01 06:59:10,2017-01-01 07:25:05,3,18.24,5,N,230,1,2,75,0,0.5,0,16.38,0.3,92.18
2,2017-01-01 06:59:12,2017-01-01 07:16:52,6,6.07,1,N,68,80,2,21,0,0.5,0,0,0.3,21.8
2,2017-01-01 06:59:13,2017-01-01 07:24:16,2,19.35,2,N,132,263,2,52,0,0.5,0,5.54,0.3,58.34
2,2017-01-01 06:59:13,2017-01-01 07:13:57,1,3.43,1,N,181,188,1,14,0,0.5,0,0,0.3,14.8
1,2017-01-01 06:59:14,2017-01-01 07:10:55,2,4.70,1,N,107,75,1,14,0,0.5,2.95,0,0.3,17.75
2,2017-01-01 06:59:15,2017-01-01 07:27:48,2,18.10,1,N,132,89,2,49,0,0.5,0,0,0.3,49.8
2,2017-01-01 06:59:15,2017-01-01 07:08:34,1,1.95,1,N,264,264,2,9.5,0,0.5,0,0,0.3,10.3
2,2017-01-01 06:59:16,2017-01-01 07:04:23,6,1.83,1,N,43,140,1,7.5,0,0.5,2,0,0.3,10.3
1,2017-01-01 06:59:17,2017-01-01 07:07:06,1,2.30,1,N,43,246,2,9,0,0.5,0,0,0.3,9.8
1,2017-01-01 06:59:17,2017-01-01 07:06:34,1,1.70,1,N,142,48,2,8,0,0.5,0,0,0.3,8.8
2,2017-01-01 06:59:17,2017-01-01 07:07:03,1,3.67,1,N,141,79,1,12,0,0.5,1,0,0.3,13.8
2,2017-01-01 06:59:18,2017-01-01 07:19:13,1,6.84,1,N,144,263,1,22.5,0,0.5,1.7,0,0.3,25
2,2017-01-01 06:59:18,2017-01-01 07:07:11,1,2.85,1,N,132,132,2,10,0,0.5,0,0,0.3,10.8
1,2017-01-01 06:59:19,2017-01-01 07:00:43,1,.10,1,N,262,262,1,3,0,0.5,1.1,0,0.3,4.9
2,2017-01-01 06:59:19,2017-01-01 07:09:45,1,2.92,1,N,186,238,2,11,0,0.5,0,0,0.3,11.8
2,2017-01-01 06:59:21,2017-01-01 07:14:39,1,5.19,1,N,260,263,2,16.5,0,0.5,0,0,0.3,17.3
2,2017-01-01 06:59:23,2017-01-01 07:33:31,5,15.46,1,N,116,89,1,43.5,0,0.5,9.97,5.54,0.3,59.81
2,2017-01-01 06:59:24,2017-01-01 07:08:18,1,2.16,1,N,48,137,2,9.5,0,0.5,0,0,0.3,10.3
2,2017-01-01 06:59:25,2017-01-01 07:14:46,1,3.53,1,N,229,158,2,14,0,0.5,0,0,0.3,14.8
2,2017-01-01 06:59:26,2017-01-01 07:06:44,1,1.78,1,N,79,186,1,8,0,0.5,1.76,0,0.3,10.56
2,2017-01-01 06:59:28,2017-01-01 07:07:58,1,3.59,1,N,25,80,2,12.5,0,0.5,0,0,0.3,13.3
2,2017-01-01 06:59:28,2017-01-01 07:12:41,1,3.64,1,N,163,41,1,13.5,0,0.5,3.58,0,0.3,17.88
1,2017-01-01 06:59:30,2017-01-01 07:19:34,1,6.90,1,N,163,255,1,22,0,0.5,4,0,0.3,26.8
2,2017-01-01 06:59:30,2017-01-01 07:12:36,6,3.32,1,N,24,141,2,12.5,0,0.5,0,0,0.3,13.3
2,2017-01-01 06:59:30,2017-01-01 07:09:58,1,4.55,1,N,146,138,2,14.5,0,0.5,0,0,0.3,15.3
2,2017-01-01 06:59:30,2017-01-01 07:02:54,6,1.12,1,N,68,100,2,5.5,0,0.5,0,0,0.3,6.3
2,2017-01-01 06:59:31,2017-01-01 07:04:22,1,.79,1,N,50,163,1,5,0,0.5,1.45,0,0.3,7.25
2,2017-01-01 06:59:35,2017-01-01 07:24:46,3,17.08,2,N,186,132,1,52,0,0.5,8,5.54,0.3,66.34
1,2017-01-01 06:59:36,2017-01-01 07:08:45,1,2.40,1,N,107,158,1,9.5,0,0.5,1,0,0.3,11.3
2,2017-01-01 06:59:36,2017-01-01 07:09:42,1,4.46,1,N,146,138,2,15,0,0.5,0,0,0.3,15.8
2,2017-01-01 06:59:37,2017-01-01 07:04:42,1,.70,1,N,162,230,2,5.5,0,0.5,0,0,0.3,6.3
2,2017-01-01 06:59:37,2017-01-01 07:15:24,1,10.85,1,N,106,160,1,30,0,0.5,7.7,0,0.3,38.5
2,2017-01-01 06:59:39,2017-01-01 07:11:05,3,3.54,1,N,87,68,2,12.5,0,0.5,0,0,0.3,13.3
2,2017-01-01 06:59:39,2017-01-01 07:03:50,1,.81,1,N,186,230,2,5,0,0.5,0,0,0.3,5.8
1,2017-01-01 06:59:40,2017-01-01 07:07:26,1,2.20,1,N,140,48,1,9,0,0.5,2.45,0,0.3,12.25
2,2017-01-01 06:59:40,2017-01-01 07:18:53,1,12.14,1,N,164,138,2,33.5,0,0.5,0,5.54,0.3,39.84
1,2017-01-01 06:59:42,2017-01-01 07:03:02,1,1.40,1,N,237,75,1,6,0,0.5,2,0,0.3,8.8
1,2017-01-01 06:59:42,2017-01-01 07:23:19,2,18.70,2,N,262,132,1,52,0,0.5,6,5.54,0.3,64.34
1,2017-01-01 06:59:44,2017-01-01 07:19:58,2,2.50,1,N,186,79,1,15,0,0.5,4.7,0,0.3,20.5
1,2017-01-01 06:59:44,2017-01-01 07:10:00,1,3.70,1,N,75,170,2,12.5,0,0.5,0,0,0.3,13.3
1,2017-01-01 06:59:45,2017-01-01 07:18:19,1,6.90,1,N,140,138,2,22,0,0.5,0,0,0.3,22.8
1,2017-01-01 06:59:45,2017-01-01 07:16:55,1,8.90,1,N,163,138,2,26.5,0,0.5,0,0,0.3,27.3
1,2017-01-01 06:59:46,2017-01-01 07:14:16,1,4.60,1,N,48,261,2,15,0,0.5,0,0,0.3,15.8
2,2017-01-01 06:59:46,2017-01-01 07:02:55,3,.90,1,N,237,229,1,5,0,0.5,0,0,0.3,5.8
2,2017-01-01 06:59:47,2017-01-01 07:13:41,2,3.45,1,N,90,140,1,13.5,0,0.5,2.86,0,0.3,17.16
2,2017-01-01 06:59:48,2017-01-01 07:11:31,1,4.56,1,N,79,112,2,15.5,0,0.5,0,0,0.3,16.3
1,2017-01-01 06:59:51,2017-01-01 07:14:45,1,4.00,1,N,249,140,2,15,0,0.5,0,0,0.3,15.8
2,2017-01-01 06:59:51,2017-01-01 07:29:20,1,16.54,1,N,132,265,2,47,0,0.5,0,0,0.3,47.8
2,2017-01-01 06:59:51,2017-01-01 07:03:26,1,.75,1,N,161,100,2,5,0,0.5,0,0,0.3,5.8
2,2017-01-01 06:59:51,2017-01-01 07:07:29,1,1.48,1,N,186,163,2,7.5,0,0.5,0,0,0.3,8.3
1,2017-01-01 06:59:53,2017-01-01 07:27:41,3,18.70,2,N,75,132,1,52,0,0.5,14.55,5.54,0.3,72.89
2,2017-01-01 06:59:53,2017-01-01 07:09:04,1,5.24,1,N,74,78,1,16.5,0,0.5,3.46,0,0.3,20.76
2,2017-01-01 06:59:53,2017-01-01 07:08:45,1,2.39,1,N,90,45,2,9.5,0,0.5,0,0,0.3,10.3
2,2017-01-01 06:59:53,2017-01-01 07:05:53,2,1.63,1,N,249,209,1,7,0,0.5,1,0,0.3,8.8
2,2017-01-01 06:59:54,2017-01-01 07:04:22,5,1.10,1,N,237,229,1,5.5,0,0.5,1.26,0,0.3,7.56
1,2017-01-01 06:59:55,2017-01-01 07:04:27,1,1.80,1,N,79,162,2,7,0,0.5,0,0,0.3,7.8
2,2017-01-01 06:59:55,2017-01-01 07:14:36,1,5.79,1,N,79,7,2,18,0,0.5,0,0,0.3,18.8
1,2017-01-01 06:59:57,2017-01-01 07:24:53,1,12.50,1,N,230,138,1,36.5,0,0.5,10.7,5.54,0.3,53.54
1,2017-01-01 06:59:59,2017-01-01 07:07:44,1,1.50,1,N,48,237,2,8,0,0.5,0,0,0.3,8.8
1,2017-01-01 06:59:59,2017-01-01 07:14:36,3,4.20,1,N,79,80,2,15.5,0,0.5,0,0,0.3,16.3
1,2017-01-01 06:59:59,2017-01-01 07:06:49,1,2.00,1,N,48,186,2,8.5,0,0.5,0,0,0.3,9.3
1,2017-01-01 07:00:00,2017-01-01 07:01:22,1,.50,1,N,239,238,1,3.5,0,0.5,0.85,0,0.3,5.15
1,2017-01-01 07:00:00,2017-01-01 07:04:53,1,1.90,1,N,68,48,2,8,0,0.5,0,0,0.3,8.8
2,2017-01-01 07:00:00,2017-01-01 07:03:19,1,.85,1,N,237,236,2,5,0,0.5,0,0,0.3,5.8
2,2017-01-01 07:00:00,2017-01-01 07:06:06,3,1.78,1,N,48,239,1,7.5,0,0.5,1.66,0,0.3,9.96
1,2017-01-01 07:00:01,2017-01-01 07:04:09,1,.70,1,N,163,163,2,5,0,0.5,0,0,0.3,5.8
2,2017-01-01 07:00:03,2017-01-01 07:08:14,2,1.60,1,N,140,142,2,8,0,0.5,0,0,0.3,8.8
2,2017-01-01 07:00:03,2017-01-01 07:18:40,4,5.94,1,N,186,225,2,19.5,0,0.5,0,0,0.3,20.3
1,2017-01-01 07:00:08,2017-01-01 07:11:57,2,3.70,1,N,261,256,2,13.5,0,0.5,0,0,0.3,14.3
1,2017-01-01 07:00:08,2017-01-01 07:04:31,1,1.40,1,N,237,162,2,6,0,0.5,0,0,0.3,6.8
2,2017-01-01 07:00:08,2017-01-01 07:00:23,5,.14,1,N,17,17,2,2.5,0,0.5,0,0,0.3,3.3
1,2017-01-01 07:00:10,2017-01-01 07:05:37,2,1.40,1,N,236,74,1,6.5,0,0.5,1.45,0,0.3,8.75
2,2017-01-01 07:00:11,2017-01-01 07:03:50,1,1.16,1,N,238,166,1,5.5,0,0.5,1.26,0,0.3,7.56
2,2017-01-01 07:00:11,2017-01-01 07:05:45,1,1.08,1,N,41,24,2,6.5,0,0.5,0,0,0.3,7.3
2,2017-01-01 07:00:11,2017-01-01 07:04:23,1,1.17,1,N,48,186,1,5.5,0,0.5,1.26,0,0.3,7.56
1,2017-01-01 07:00:12,2017-01-01 07:05:00,1,1.60,1,N,224,79,2,6.5,0,0.5,0,0,0.3,7.3
2,2017-01-01 07:00:13,2017-01-01 07:18:35,1,8.90,1,N,132,35,2,26.5,0,0.5,0,0,0.3,27.3
2,2017-01-01 07:00:14,2017-01-01 07:20:54,2,6.12,1,N,48,232,1,21,0,0.5,4.36,0,0.3,26.16
2,2017-01-01 07:00:15,2017-01-01 07:37:15,1,15.59,1,N,158,18,2,46.5,0,0.5,0,0,0.3,47.3
1,2017-01-01 07:00:16,2017-01-01 07:08:55,1,4.10,1,N,170,179,2,13,0,0.5,0,0,0.3,13.8
1,2017-01-01 07:00:16,2017-01-01 07:04:03,1,.90,1,N,79,234,1,5,0,0.5,1.15,0,0.3,6.95
1,2017-01-01 07:00:18,2017-01-01 07:00:18,1,.00,1,N,231,264,2,22,0,0.5,0,0,0.3,22.8
2,2017-01-01 07:00:18,2017-01-01 07:00:31,1,.06,1,N,249,158,2,2.5,0,0.5,0,0,0.3,3.3
2,2017-01-01 07:00:19,2017-01-01 07:05:24,1,.98,1,N,163,143,2,6,0,0.5,0,0,0.3,6.8
2,2017-01-01 07:00:19,2017-01-01 07:07:30,4,3.31,1,N,129,70,1,11.5,0,0.5,0,0,0.3,12.3
2,2017-01-01 07:00:21,2017-01-01 07:22:20,5,13.50,1,N,261,115,2,37,0,0.5,0,16.62,0.3,54.42
2,2017-01-01 07:00:22,2017-01-01 07:13:35,1,7.39,1,N,262,223,1,21.5,0,0.5,0,5.54,0.3,27.84
1,2017-01-01 07:00:23,2017-01-01 07:13:48,1,3.10,1,N,79,261,2,13,0,0.5,0,0,0.3,13.8
2,2017-01-01 07:00:23,2017-01-01 07:06:36,1,1.68,1,N,161,141,1,7,0,0.5,1.56,0,0.3,9.36
1,2017-01-01 07:00:24,2017-01-01 07:25:57,1,14.70,1,N,48,252,2,41,0,0.5,0,5.54,0.3,47.34
2,2017-01-01 07:00:24,2017-01-01 07:05:49,2,1.31,1,N,7,7,1,6.5,0,0.5,1.46,0,0.3,8.76
2,2017-01-01 07:00:24,2017-01-01 07:07:33,1,1.47,1,N,137,186,1,7.5,0,0.5,2.49,0,0.3,10.79
2,2017-01-01 07:00:25,2017-01-01 07:02:45,1,1.10,1,N,233,137,1,5,0,0.5,1.16,0,0.3,6.96
2,2017-01-01 07:00:25,2017-01-01 07:35:35,2,17.93,2,N,132,143,1,52,0,0.5,10.56,0,0.3,63.36
2,2017-01-01 07:00:26,2017-01-01 07:05:13,1,1.02,1,N,90,107,2,6,0,0.5,0,0,0.3,6.8
2,2017-01-01 07:00:26,2017-01-01 07:27:05,1,6.93,1,N,48,17,2,24.5,0,0.5,0,0,0.3,25.3
2,2017-01-01 07:00:27,2017-01-01 07:14:09,1,4.51,1,N,164,12,1,15.5,0,0.5,1,0,0.3,17.3
1,2017-01-01 07:00:29,2017-01-01 07:27:15,1,17.00,3,N,164,265,1,64,0,0,5,21,0.3,90.3
2,2017-01-01 07:00:29,2017-01-01 07:04:39,1,.69,1,N,170,170,2,5,0,0.5,0,0,0.3,5.8
2,2017-01-01 07:00:29,2017-01-01 07:03:15,2,.84,1,N,234,234,1,4.5,0,0.5,1.06,0,0.3,6.36
2,2017-01-01 07:00:31,2017-01-01 07:13:23,2,4.86,1,N,164,226,2,16,0,0.5,0,0,0.3,16.8
1,2017-01-01 07:00:32,2017-01-01 07:01:25,1,.30,1,N,246,246,2,3,0,0.5,0,0,0.3,3.8
2,2017-01-01 07:00:33,2017-01-01 07:07:27,1,1.56,1,N,186,113,1,7.5,0,0.5,1.66,0,0.3,9.96
2,2017-01-01 07:00:33,2017-01-01 07:15:10,1,4.35,1,N,262,48,1,16,0,0.5,4.2,0,0.3,21
1,2017-01-01 07:00:34,2017-01-01 07:17:01,1,5.60,1,N,179,186,2,18.5,0,0.5,0,0,0.3,19.3
2,2017-01-01 07:00:34,2017-01-01 07:08:54,2,2.50,1,N,100,43,1,10,0,0.5,0,0,0.3,10.8
2,2017-01-01 07:00:36,2017-01-01 07:16:33,1,3.93,1,N,48,74,1,15,0,0.5,3.16,0,0.3,18.96
2,2017-01-01 07:00:36,2017-01-01 07:04:58,6,1.15,1,N,49,65,1,6,0,0.5,0,0,0.3,6.8
2,2017-01-01 07:00:37,2017-01-01 07:08:49,2,2.89,1,N,174,265,2,10.5,0,0.5,0,0,0.3,11.3
1,2017-01-01 07:00:38,2017-01-01 07:39:12,3,11.30,1,N,13,198,2,34,0,0.5,0,0,0.3,34.8
1,2017-01-01 07:00:40,2017-01-01 07:32:32,2,19.60,2,N,151,132,1,52,0,0.5,11.65,5.54,0.3,69.99
2,2017-01-01 07:00:40,2017-01-01 07:06:34,4,2.61,1,N,237,74,1,9,0,0.5,2.94,0,0.3,12.74
1,2017-01-01 07:00:41,2017-01-01 07:12:09,1,3.20,1,N,170,146,1,12,0,0.5,2.5,5.54,0.3,20.84
1,2017-01-01 07:00:41,2017-01-01 07:02:57,1,.80,1,N,263,75,1,4.5,0,0.5,1,0,0.3,6.3
1,2017-01-01 07:00:42,2017-01-01 07:46:32,1,19.50,2,N,264,264,2,52,0,0.5,0,0,0.3,52.8
1,2017-01-01 07:00:43,2017-01-01 07:04:36,1,.80,1,N,264,264,1,5.5,0,0.5,3,0,0.3,9.3
1,2017-01-01 07:00:44,2017-01-01 07:05:15,1,1.00,1,N,236,238,2,5.5,0,0.5,0,0,0.3,6.3
2,2017-01-01 07:00:44,2017-01-01 07:10:54,1,2.66,1,N,234,237,1,11,0,0.5,3.54,0,0.3,15.34
1,2017-01-01 07:00:46,2017-01-01 07:06:08,1,1.80,1,N,170,79,1,7,0,0.5,2.3,0,0.3,10.1
1,2017-01-01 07:00:48,2017-01-01 07:02:44,1,.80,1,N,249,90,2,4.5,0,0.5,0,0,0.3,5.3
2,2017-01-01 07:00:48,2017-01-01 07:12:06,1,2.74,1,N,17,37,1,11,0,0.5,2.36,0,0.3,14.16
2,2017-01-01 07:00:48,2017-01-01 07:05:30,3,1.02,1,N,43,41,2,6,0,0.5,0,0,0.3,6.8
2,2017-01-01 07:00:51,2017-01-01 07:21:53,5,10.92,1,N,90,138,2,31,0,0.5,0,5.54,0.3,37.34
2,2017-01-01 07:00:52,2017-01-01 07:20:12,5,12.78,1,N,132,70,2,35,0,0.5,0,0,0.3,35.8
1,2017-01-01 07:00:53,2017-01-01 07:13:35,1,4.90,1,N,148,236,2,15.5,0,0.5,0,0,0.3,16.3
2,2017-01-01 07:00:53,2017-01-01 07:24:46,1,8.22,1,N,232,232,2,26,0,0.5,0,0,0.3,26.8
2,2017-01-01 07:00:53,2017-01-01 07:11:16,1,3.21,1,N,249,237,1,11.5,0,0.5,2.46,0,0.3,14.76
1,2017-01-01 07:00:54,2017-01-01 07:09:27,1,2.70,1,N,107,140,1,10,0,0.5,1.5,0,0.3,12.3
1,2017-01-01 07:00:54,2017-01-01 07:05:16,4,.60,1,N,68,246,2,5,0,0.5,0,0,0.3,5.8
2,2017-01-01 07:00:57,2017-01-01 07:03:36,1,1.08,1,N,142,239,1,5,0,0.5,1,0,0.3,6.8
1,2017-01-01 07:00:58,2017-01-01 07:04:25,1,.80,1,N,90,90,1,4.5,0,0.5,1.05,0,0.3,6.35
2,2017-01-01 07:01:00,2017-01-01 07:16:52,1,5.59,1,N,79,74,2,17,0,0.5,0,0,0.3,17.8
2,2017-01-01 07:01:00,2017-01-01 07:14:08,3,5.11,1,N,79,75,2,16,0,0.5,0,0,0.3,16.8
1,2017-01-01 07:01:02,2017-01-01 07:04:15,1,.50,1,N,230,48,2,4.5,0,0.5,0,0,0.3,5.3
2,2017-01-01 07:01:03,2017-01-01 07:08:26,1,2.54,1,N,239,152,2,9,0,0.5,0,0,0.3,9.8
2,2017-01-01 07:01:07,2017-01-01 07:14:08,1,4.15,1,N,148,140,2,14,0,0.5,0,0,0.3,14.8
2,2017-01-01 07:01:09,2017-01-01 07:21:03,6,7.88,1,N,151,78,2,25,0,0.5,0,0,0.3,25.8
1,2017-01-01 07:01:10,2017-01-01 07:10:49,1,3.00,1,N,7,140,1,11.5,0,0.5,5,0,0.3,17.3
2,2017-01-01 07:01:11,2017-01-01 07:28:53,1,17.91,3,N,233,1,2,66,0,0,0,16.5,0.3,82.8
2,2017-01-01 07:01:12,2017-01-01 07:03:55,1,1.00,1,N,79,234,2,5,0,0.5,0,0,0.3,5.8
2,2017-01-01 07:01:12,2017-01-01 07:06:52,5,2.25,1,N,107,141,1,8,0,0.5,2.2,0,0.3,11
2,2017-01-01 07:01:14,2017-01-01 07:17:34,2,5.32,1,N,88,37,1,17.5,0,0.5,4.58,0,0.3,22.88
2,2017-01-01 07:01:15,2017-01-01 07:20:40,1,12.26,1,N,87,247,2,33.5,0,0.5,0,0,0.3,34.3
1,2017-01-01 07:01:16,2017-01-01 07:11:17,2,1.60,1,N,152,41,2,9,0,0.5,0,0,0.3,9.8
1,2017-01-01 07:01:16,2017-01-01 07:16:50,1,4.30,1,N,260,237,2,16,0,0.5,0,0,0.3,16.8
1,2017-01-01 07:01:17,2017-01-01 07:06:06,1,1.30,1,N,238,239,1,6.5,0,0.5,1.45,0,0.3,8.75
2,2017-01-01 07:01:18,2017-01-01 07:07:46,6,1.06,1,N,230,162,2,6.5,0,0.5,0,0,0.3,7.3
2,2017-01-01 07:01:18,2017-01-01 07:01:33,1,.00,5,N,163,163,1,0.1,0,0,5,0,0.3,5.4
1,2017-01-01 07:01:19,2017-01-01 07:17:57,4,9.90,1,N,229,138,1,27.5,0,0.5,6.77,5.54,0.3,40.61
2,2017-01-01 07:01:19,2017-01-01 07:22:23,1,12.58,1,N,138,87,1,35,0,0.5,7.16,0,0.3,42.96
1,2017-01-01 07:01:20,2017-01-01 07:08:15,1,1.60,1,N,234,137,2,7.5,0,0.5,0,0,0.3,8.3
2,2017-01-01 07:01:20,2017-01-01 07:02:55,2,.67,1,N,50,163,1,4,0,0.5,1,0,0.3,5.8
1,2017-01-01 07:01:21,2017-01-01 07:07:15,1,1.20,1,N,107,249,1,6.5,0,0.5,1.45,0,0.3,8.75
2,2017-01-01 07:01:22,2017-01-01 07:15:17,1,1.89,1,N,231,79,1,10.5,0,0.5,3.39,0,0.3,14.69
1,2017-01-01 07:01:24,2017-01-01 07:02:57,1,.60,1,N,162,237,2,4,0,0.5,0,0,0.3,4.8
2,2017-01-01 07:01:24,2017-01-01 07:02:18,6,.51,1,N,179,193,2,3.5,0,0.5,0,0,0.3,4.3
2,2017-01-01 07:01:24,2017-01-01 07:12:45,1,2.68,1,N,233,158,1,11.5,0,0.5,2.46,0,0.3,14.76
2,2017-01-01 07:01:24,2017-01-01 07:04:18,1,.64,1,N,90,68,1,4.5,0,0.5,1.32,0,0.3,6.62
1,2017-01-01 07:01:25,2017-01-01 07:08:05,1,2.70,1,N,79,161,1,9.5,0,0.5,1,0,0.3,11.3
2,2017-01-01 07:01:26,2017-01-01 07:16:04,2,2.25,1,N,255,17,2,11.5,0,0.5,0,0,0.3,12.3
1,2017-01-01 07:01:29,2017-01-01 07:11:45,2,2.60,1,N,50,233,1,10.5,0,0.5,2.25,0,0.3,13.55
2,2017-01-01 07:01:29,2017-01-01 07:28:02,2,19.72,3,N,161,1,1,70,0,0,18.06,20,0.3,108.36
2,2017-01-01 07:01:29,2017-01-01 07:03:54,1,.46,1,N,162,162,1,4,0,0.5,1.2,0,0.3,6
2,2017-01-01 07:01:30,2017-01-01 07:16:13,5,5.25,1,N,48,42,2,16,0,0.5,0,0,0.3,16.8
2,2017-01-01 07:01:31,2017-01-01 07:04:44,1,1.27,1,N,48,68,1,5.5,0,0.5,2,0,0.3,8.3
2,2017-01-01 07:01:33,2017-01-01 07:46:02,1,14.77,1,N,132,26,1,47.5,0,0.5,0,0,0.3,48.3
2,2017-01-01 07:01:33,2017-01-01 07:10:53,1,1.52,1,N,90,170,1,7,0,0.5,1.56,0,0.3,9.36
2,2017-01-01 07:01:33,2017-01-01 07:05:50,1,.87,1,N,79,114,1,5.5,0,0.5,1.26,0,0.3,7.56
1,2017-01-01 07:01:34,2017-01-01 07:16:23,1,3.70,1,N,255,189,1,14.5,0,0.5,2,0,0.3,17.3
1,2017-01-01 07:01:34,2017-01-01 07:05:11,1,.80,1,N,234,68,1,5.5,0,0.5,1,0,0.3,7.3
2,2017-01-01 07:01:35,2017-01-01 07:21:52,1,7.13,1,N,211,112,2,22.5,0,0.5,0,0,0.3,23.3
2,2017-01-01 07:01:35,2017-01-01 07:07:24,2,2.31,1,N,148,256,2,9,0,0.5,0,0,0.3,9.8
2,2017-01-01 07:01:36,2017-01-01 07:30:02,1,17.53,1,N,132,123,2,48,0,0.5,0,0,0.3,48.8
1,2017-01-01 07:01:39,2017-01-01 07:09:48,1,3.00,1,N,74,141,2,10.5,0,0.5,0,0,0.3,11.3
1,2017-01-01 07:01:39,2017-01-01 07:42:12,1,18.50,2,N,48,132,2,52,0,0.5,0,0,0.3,52.8
2,2017-01-01 07:01:41,2017-01-01 07:16:20,1,4.31,1,N,129,145,2,15.5,0,0.5,0,0,0.3,16.3
1,2017-01-01 07:01:44,2017-01-01 07:21:03,1,6.90,1,N,79,260,2,22.5,0,0.5,0,0,0.3,23.3
1,2017-01-01 07:01:45,2017-01-01 07:06:54,1,1.00,1,N,68,48,1,6,0,0.5,2,0,0.3,8.8
1,2017-01-01 07:01:46,2017-01-01 07:18:09,2,7.80,1,N,151,94,2,23.5,0,0.5,0,0,0.3,24.3
1,2017-01-01 07:01:47,2017-01-01 07:14:04,2,2.10,1,N,48,162,2,10.5,0,0.5,0,0,0.3,11.3
2,2017-01-01 07:01:47,2017-01-01 07:05:58,5,1.46,1,N,163,186,2,6,0,0.5,0,0,0.3,6.8
2,2017-01-01 07:01:51,2017-01-01 07:05:35,5,1.10,1,N,233,230,2,5.5,0,0.5,0,0,0.3,6.3
2,2017-01-01 07:01:53,2017-01-01 07:06:23,3,1.13,1,N,161,50,2,6,0,0.5,0,0,0.3,6.8
2,2017-01-01 07:01:55,2017-01-01 07:10:44,1,2.13,1,N,163,234,1,9,0,0.5,2.94,0,0.3,12.74
2,2017-01-01 07:01:55,2017-01-01 07:15:48,1,3.48,1,N,48,79,1,13,0,0.5,2.76,0,0.3,16.56
2,2017-01-01 07:01:56,2017-01-01 07:07:52,5,1.13,1,N,107,137,2,6.5,0,0.5,0,0,0.3,7.3
2,2017-01-01 07:01:58,2017-01-01 07:07:52,6,1.26,1,N,100,43,2,6.5,0,0.5,0,0,0.3,7.3
1,2017-01-01 07:02:00,2017-01-01 07:17:12,1,5.50,1,N,260,137,2,18.5,0,0.5,0,0,0.3,19.3
1,2017-01-01 07:02:00,2017-01-01 07:08:02,1,1.00,1,N,107,79,2,6.5,0,0.5,0,0,0.3,7.3
2,2017-01-01 07:02:00,2017-01-01 07:09:39,1,3.24,1,N,246,43,2,11,0,0.5,0,0,0.3,11.8
2,2017-01-01 07:02:02,2017-01-01 07:13:35,3,3.80,1,N,107,262,2,12.5,0,0.5,0,0,0.3,13.3
2,2017-01-01 07:02:02,2017-01-01 07:23:45,1,6.05,1,N,237,7,2,20.5,0,0.5,0,0,0.3,21.3
1,2017-01-01 07:02:06,2017-01-01 07:08:18,1,1.30,1,N,262,75,1,7,0,0.5,1.55,0,0.3,9.35
1,2017-01-01 07:02:06,2017-01-01 07:06:09,1,1.20,1,N,164,68,1,5.5,0,0.5,1.25,0,0.3,7.55
1,2017-01-01 07:02:06,2017-01-01 07:03:55,1,.30,1,N,161,162,2,3.5,0,0.5,0,0,0.3,4.3
2,2017-01-01 07:02:06,2017-01-01 07:34:23,1,20.04,3,N,236,1,1,71.5,0,0,16.46,10.5,0.3,98.76
2,2017-01-01 07:02:06,2017-01-01 07:13:00,2,3.89,1,N,100,87,1,13,0,0.5,2,0,0.3,15.8
1,2017-01-01 07:02:08,2017-01-01 07:11:15,1,2.50,1,N,161,79,1,10,0,0.5,1,0,0.3,11.8
2,2017-01-01 07:02:09,2017-01-01 07:06:40,1,1.55,1,N,236,238,2,6.5,0,0.5,0,0,0.3,7.3
2,2017-01-01 07:02:09,2017-01-01 07:08:44,1,2.75,1,N,50,151,2,9.5,0,0.5,0,0,0.3,10.3
1,2017-01-01 07:02:11,2017-01-01 07:21:34,1,10.70,1,N,249,14,2,30,0,0.5,0,0,0.3,30.8
2,2017-01-01 07:02:11,2017-01-01 07:04:40,1,.99,1,N,90,186,1,5,0,0.5,0,0,0.3,5.8
1,2017-01-01 07:02:12,2017-01-01 07:16:05,2,3.00,1,N,264,264,1,13.5,0,0.5,2.85,0,0.3,17.15
2,2017-01-01 07:02:12,2017-01-01 07:08:39,4,1.09,1,N,36,36,1,6.5,0,0.5,1.46,0,0.3,8.76
2,2017-01-01 07:02:12,2017-01-01 07:14:43,1,3.21,1,N,226,140,1,13,0,0.5,2,0,0.3,15.8
1,2017-01-01 07:02:14,2017-01-01 07:10:46,1,1.80,1,N,41,42,2,9,0,0.5,0,0,0.3,9.8
2,2017-01-01 07:02:16,2017-01-01 07:13:25,1,2.77,1,N,164,158,1,11,0,0.5,0,0,0.3,11.8
2,2017-01-01 07:02:17,2017-01-01 07:15:33,1,1.85,1,N,143,238,1,11,0,0.5,2.36,0,0.3,14.16
2,2017-01-01 07:02:17,2017-01-01 07:12:13,1,1.65,1,N,137,161,2,9,0,0.5,0,0,0.3,9.8
2,2017-01-01 07:02:18,2017-01-01 07:08:15,2,1.56,1,N,43,140,2,7,0,0.5,0,0,0.3,7.8
1,2017-01-01 07:02:20,2017-01-01 07:14:01,1,3.40,1,N,255,65,1,12.5,0,0.5,2.65,0,0.3,15.95
2,2017-01-01 07:02:20,2017-01-01 07:07:46,1,1.19,1,N,48,161,1,6,0,0.5,0,0,0.3,6.8
2,2017-01-01 07:02:20,2017-01-01 07:08:17,1,1.66,1,N,79,231,2,7,0,0.5,0,0,0.3,7.8
1,2017-01-01 07:02:21,2017-01-01 07:20:16,3,6.70,1,N,48,168,1,22,0,0.5,4.55,0,0.3,27.35
2,2017-01-01 07:02:21,2017-01-01 07:15:41,6,5.52,1,N,127,247,2,17.5,0,0.5,0,0,0.3,18.3
1,2017-01-01 07:02:25,2017-01-01 07:16:37,1,4.90,1,N,79,181,2,17,0,0.5,0,0,0.3,17.8
1,2017-01-01 07:02:25,2017-01-01 07:15:08,3,5.40,1,N,79,43,1,16.5,0,0.5,5.15,0,0.3,22.45
2,2017-01-01 07:02:25,2017-01-01 07:03:10,1,.15,1,N,162,233,2,3,0,0.5,0,0,0.3,3.8
2,2017-01-01 07:02:25,2017-01-01 07:19:48,1,5.34,1,N,231,188,2,18.5,0,0.5,0,0,0.3,19.3
2,2017-01-01 07:02:25,2017-01-01 07:12:14,1,2.97,1,N,60,250,2,11.5,0,0.5,0,0,0.3,12.3
1,2017-01-01 07:02:26,2017-01-01 07:13:43,1,4.00,1,N,79,263,1,13,0,0.5,2.75,0,0.3,16.55
2,2017-01-01 07:02:26,2017-01-01 07:06:26,1,.78,1,N,74,74,2,5,0,0.5,0,0,0.3,5.8
1,2017-01-01 07:02:27,2017-01-01 07:20:01,2,10.80,1,N,161,138,2,30.5,0,0.5,0,5.54,0.3,36.84
1,2017-01-01 07:02:27,2017-01-01 07:09:26,1,2.60,1,N,263,170,1,9.5,0,0.5,1,0,0.3,11.3
2,2017-01-01 07:02:27,2017-01-01 07:04:47,5,.56,1,N,170,229,2,4,0,0.5,0,0,0.3,4.8
1,2017-01-01 07:02:28,2017-01-01 07:04:51,1,.70,1,N,79,148,1,4,0,0.5,0.96,0,0.3,5.76
2,2017-01-01 07:02:28,2017-01-01 07:28:51,6,19.92,2,N,132,262,1,52,0,0.5,6,5.54,0.3,64.34
1,2017-01-01 07:02:29,2017-01-01 07:04:46,1,.50,1,N,48,48,2,4,0,0.5,0,0,0.3,4.8
2,2017-01-01 07:02:31,2017-01-01 07:07:02,1,2.70,1,N,223,260,2,9,0,0.5,0,0,0.3,9.8
2,2017-01-01 07:02:31,2017-01-01 07:07:03,5,.81,1,N,116,152,1,5.5,0,0.5,1.26,0,0.3,7.56
2,2017-01-01 07:02:33,2017-01-01 07:07:55,1,.86,1,N,236,140,2,5,0,0.5,0,0,0.3,5.8
2,2017-01-01 07:02:33,2017-01-01 07:07:55,1,.86,1,N,236,140,3,-5,0,-0.5,0,0,-0.3,-5.8
2,2017-01-01 07:02:34,2017-01-01 07:07:40,1,1.07,1,N,107,164,1,6,0,0.5,1.36,0,0.3,8.16
1,2017-01-01 07:02:36,2017-01-01 07:12:03,1,4.20,1,N,87,137,2,14,0,0.5,0,0,0.3,14.8
1,2017-01-01 07:02:36,2017-01-01 07:28:43,1,10.40,1,N,144,223,1,32,0,0.5,6.55,0,0.3,39.35
1,2017-01-01 07:02:37,2017-01-01 07:06:09,1,1.20,1,N,164,163,2,5.5,0,0.5,0,0,0.3,6.3
2,2017-01-01 07:02:38,2017-01-01 07:25:44,1,6.28,1,N,48,7,2,21,0,0.5,0,0,0.3,21.8
2,2017-01-01 07:02:41,2017-01-01 07:06:29,2,.62,1,N,100,246,2,4.5,0,0.5,0,0,0.3,5.3
2,2017-01-01 07:02:42,2017-01-01 07:07:11,2,1.23,1,N,236,43,2,6,0,0.5,0,0,0.3,6.8
1,2017-01-01 07:02:43,2017-01-01 07:09:20,2,1.50,1,N,264,264,1,7.5,0,0.5,1.65,0,0.3,9.95
2,2017-01-01 07:02:43,2017-01-01 07:40:55,1,22.67,2,N,143,132,2,52,0,0.5,0,5.54,0.3,58.34
1,2017-01-01 07:02:45,2017-01-01 07:07:41,1,1.00,1,N,141,141,2,6,0,0.5,0,0,0.3,6.8
1,2017-01-01 07:02:46,2017-01-01 07:13:39,1,3.00,1,N,239,162,1,11.5,0,0.5,3.05,0,0.3,15.35
1,2017-01-01 07:02:47,2017-01-01 07:07:59,1,1.90,1,N,107,233,2,7.5,0,0.5,0,0,0.3,8.3
1,2017-01-01 07:02:48,2017-01-01 07:14:20,1,2.90,1,N,186,140,1,11.5,0,0.5,2.45,0,0.3,14.75
2,2017-01-01 07:02:48,2017-01-01 07:06:21,6,.91,1,N,236,75,2,5,0,0.5,0,0,0.3,5.8
2,2017-01-01 07:02:50,2017-01-01 07:21:52,2,8.07,1,N,33,237,1,25.5,0,0.5,5,0,0.3,31.3
1,2017-01-01 07:02:52,2017-01-01 07:28:04,2,7.30,1,N,68,74,2,25.5,0,0.5,0,0,0.3,26.3
1,2017-01-01 07:02:52,2017-01-01 07:14:20,5,2.60,1,N,244,127,1,11,0,0.5,0,0,0.3,11.8
2,2017-01-01 07:02:52,2017-01-01 07:11:04,5,2.01,1,N,113,231,1,9,0,0.5,1.96,0,0.3,11.76
1,2017-01-01 07:02:53,2017-01-01 07:13:14,1,3.50,1,N,79,87,1,12.5,0,0.5,2.65,0,0.3,15.95
1,2017-01-01 07:02:54,2017-01-01 07:09:43,1,1.40,1,N,264,264,2,7,0,0.5,0,0,0.3,7.8
1,2017-01-01 07:02:54,2017-01-01 07:05:14,1,.50,1,N,141,263,1,4,0,0.5,0.2,0,0.3,5
1,2017-01-01 07:02:54,2017-01-01 07:13:16,2,2.00,1,N,162,186,2,9.5,0,0.5,0,0,0.3,10.3
1,2017-01-01 07:02:54,2017-01-01 07:15:22,1,7.40,1,N,236,128,1,21.5,0,0.5,5,0,0.3,27.3
2,2017-01-01 07:02:55,2017-01-01 07:05:37,1,.23,1,N,246,68,2,3.5,0,0.5,0,0,0.3,4.3
1,2017-01-01 07:02:56,2017-01-01 07:12:23,1,2.00,1,N,48,137,1,9.5,0,0.5,2.05,0,0.3,12.35
1,2017-01-01 07:02:56,2017-01-01 07:08:06,1,1.50,1,N,114,137,1,6.5,0,0.5,1.45,0,0.3,8.75
2,2017-01-01 07:02:56,2017-01-01 07:24:49,6,18.72,2,N,132,263,1,52,0,0.5,9,5.54,0.3,67.34
2,2017-01-01 07:02:56,2017-01-01 07:39:01,1,19.81,2,N,132,141,2,52,0,0.5,0,5.54,0.3,58.34
2,2017-01-01 07:02:56,2017-01-01 07:06:17,2,.67,1,N,230,50,1,4.5,0,0.5,2,0,0.3,7.3
2,2017-01-01 07:02:57,2017-01-01 07:08:59,1,.90,1,N,148,231,1,6,0,0.5,2,0,0.3,8.8
2,2017-01-01 07:02:57,2017-01-01 07:24:46,1,5.29,1,N,229,223,1,19,0,0.5,3.96,0,0.3,23.76
1,2017-01-01 07:02:58,2017-01-01 07:19:38,1,4.10,1,N,100,41,2,16,0,0.5,0,0,0.3,16.8
1,2017-01-01 07:02:59,2017-01-01 07:07:04,1,.50,1,N,163,48,1,4.5,0,0.5,6,0,0.3,11.3
2,2017-01-01 07:02:59,2017-01-01 07:09:32,1,1.49,1,N,142,43,2,7.5,0,0.5,0,0,0.3,8.3
2,2017-01-01 07:02:59,2017-01-01 07:10:44,1,2.28,1,N,230,238,2,9,0,0.5,0,0,0.3,9.8
2,2017-01-01 07:02:59,2017-01-01 07:18:32,1,4.64,1,N,90,255,1,16.5,0,0.5,0,0,0.3,17.3
2,2017-01-01 07:02:59,2017-01-01 07:25:25,1,10.49,1,N,90,235,1,30.5,0,0.5,0,0,0.3,31.3
1,2017-01-01 07:03:02,2017-01-01 07:10:01,1,1.20,1,N,141,142,1,7,0,0.5,1.55,0,0.3,9.35
2,2017-01-01 07:03:02,2017-01-01 07:16:56,1,4.29,1,N,229,179,2,15,0,0.5,0,0,0.3,15.8
2,2017-01-01 07:03:02,2017-01-01 07:12:45,1,3.60,1,N,239,116,1,12,0,0.5,2.56,0,0.3,15.36
2,2017-01-01 07:03:05,2017-01-01 07:22:44,1,7.36,1,N,50,255,2,23,0,0.5,0,0,0.3,23.8
2,2017-01-01 07:03:05,2017-01-01 07:08:36,5,1.12,1,N,233,164,1,6,0,0.5,1.36,0,0.3,8.16
1,2017-01-01 07:03:06,2017-01-01 07:10:37,1,2.10,1,N,114,186,1,8.5,0,0.5,1,0,0.3,10.3
2,2017-01-01 07:03:06,2017-01-01 07:08:22,1,.69,1,N,232,4,2,5.5,0,0.5,0,0,0.3,6.3
1,2017-01-01 07:03:07,2017-01-01 07:33:33,2,8.40,1,N,186,61,1,28.5,0,0.5,3,0,0.3,32.3
1,2017-01-01 07:03:12,2017-01-01 07:06:11,2,1.10,1,N,107,79,1,5,0,0.5,1,0,0.3,6.8
1,2017-01-01 07:03:12,2017-01-01 07:14:22,1,3.20,1,N,97,80,2,12,0,0.5,0,0,0.3,12.8
1,2017-01-01 07:03:12,2017-01-01 07:15:45,1,4.40,1,N,43,7,2,15,0,0.5,0,0,0.3,15.8
1,2017-01-01 07:03:15,2017-01-01 07:09:55,2,1.40,1,N,113,186,2,7.5,0,0.5,0,0,0.3,8.3
1,2017-01-01 07:03:15,2017-01-01 07:05:44,1,.80,1,N,249,234,1,4.5,0,0.5,1.05,0,0.3,6.35
2,2017-01-01 07:03:16,2017-01-01 07:09:39,2,1.21,1,N,24,75,2,6.5,0,0.5,0,0,0.3,7.3
1,2017-01-01 07:03:18,2017-01-01 07:20:42,1,12.20,1,N,148,169,1,33.5,0,0.5,6.85,0,0.3,41.15
2,2017-01-01 07:03:19,2017-01-01 07:15:56,1,4.36,1,N,158,217,1,15,0,0.5,1,0,0.3,16.8
1,2017-01-01 07:03:20,2017-01-01 07:12:08,1,2.10,1,N,37,17,2,9,0,0.5,0,0,0.3,9.8
2,2017-01-01 07:03:20,2017-01-01 07:30:06,3,16.69,1,N,79,55,2,46,0,0.5,0,5.54,0.3,52.34
1,2017-01-01 07:03:22,2017-01-01 07:09:37,1,2.00,1,N,162,140,1,7.5,0,0.5,0.7,0,0.3,9
2,2017-01-01 07:03:22,2017-01-01 07:07:52,2,.84,1,N,48,163,2,5.5,0,0.5,0,0,0.3,6.3
1,2017-01-01 07:03:23,2017-01-01 07:25:16,1,10.50,1,N,68,127,2,32.5,0,0.5,0,0,0.3,33.3
2,2017-01-01 07:03:23,2017-01-01 07:05:30,2,.84,1,N,43,236,1,4.5,0,0.5,1,0,0.3,6.3
1,2017-01-01 07:03:26,2017-01-01 07:14:21,2,7.60,1,N,262,261,2,21.5,0,0.5,0,0,0.3,22.3
2,2017-01-01 07:03:28,2017-01-01 07:49:31,1,19.02,2,N,48,132,2,52,0,0.5,0,5.54,0.3,58.34
1,2017-01-01 07:03:29,2017-01-01 07:16:39,1,3.90,1,N,264,264,2,14,0,0.5,0,0,0.3,14.8
2,2017-01-01 07:03:29,2017-01-01 07:21:36,1,10.75,1,N,210,228,2,31,0,0.5,0,0,0.3,31.8
2,2017-01-01 07:03:29,2017-01-01 07:05:00,6,.23,1,N,246,48,1,3.5,0,0.5,0.86,0,0.3,5.16
1,2017-01-01 07:03:30,2017-01-01 07:11:14,1,2.30,1,N,50,238,1,9.5,0,0.5,1,0,0.3,11.3
2,2017-01-01 07:03:30,2017-01-01 07:15:05,1,3.46,1,N,230,75,1,12,0,0.5,2.56,0,0.3,15.36
2,2017-01-01 07:03:31,2017-01-01 07:29:51,1,14.10,1,N,230,138,1,39.5,0,0.5,0,0,0.3,40.3
1,2017-01-01 07:03:32,2017-01-01 07:07:52,1,1.00,1,N,74,75,1,5.5,0,0.5,1.25,0,0.3,7.55
2,2017-01-01 07:03:33,2017-01-01 07:25:20,1,9.51,1,N,179,185,2,26.5,0,0.5,0,5.54,0.3,32.84
2,2017-01-01 07:03:35,2017-01-01 07:20:13,1,4.07,1,N,113,230,2,13.5,0,0.5,0,0,0.3,14.3
2,2017-01-01 07:03:35,2017-01-01 07:07:57,1,.79,1,N,140,229,2,5.5,0,0.5,0,0,0.3,6.3
1,2017-01-01 07:03:36,2017-01-01 07:13:06,1,4.20,1,N,151,244,2,14,0,0.5,0,0,0.3,14.8
1,2017-01-01 07:03:36,2017-01-01 07:05:14,1,.50,1,N,162,229,2,3.5,0,0.5,0,0,0.3,4.3
1,2017-01-01 07:03:36,2017-01-01 07:06:19,1,1.50,1,N,233,107,1,6,0,0.5,1,0,0.3,7.8
2,2017-01-01 07:03:36,2017-01-01 07:30:16,1,7.76,1,N,231,179,2,25.5,0,0.5,0,0,0.3,26.3
1,2017-01-01 07:03:37,2017-01-01 07:25:55,2,7.20,1,N,164,112,1,25,0,0.5,5.15,0,0.3,30.95
1,2017-01-01 07:03:37,2017-01-01 07:08:30,1,1.00,1,N,143,50,2,6,0,0.5,0,0,0.3,6.8
2,2017-01-01 07:03:37,2017-01-01 07:12:32,4,1.77,1,N,151,74,2,8.5,0,0.5,0,0,0.3,9.3
1,2017-01-01 07:03:38,2017-01-01 07:09:34,1,1.70,1,N,4,148,1,7.5,0,0.5,2.45,0,0.3,10.75
2,2017-01-01 07:03:38,2017-01-01 07:25:39,1,10.23,1,N,230,138,1,30,0,0.5,6.16,0,0.3,36.96
1,2017-01-01 07:03:39,2017-01-01 07:19:19,1,3.50,1,N,107,50,1,14.5,0,0.5,3.05,0,0.3,18.35
1,2017-01-01 07:03:40,2017-01-01 07:18:39,1,4.70,1,N,226,129,2,16.5,0,0.5,0,0,0.3,17.3
2,2017-01-01 07:03:43,2017-01-01 07:06:54,1,.66,1,N,148,4,2,4.5,0,0.5,0,0,0.3,5.3
1,2017-01-01 07:03:45,2017-01-01 07:18:41,1,5.40,1,N,146,4,2,17,0,0.5,0,0,0.3,17.8
1,2017-01-01 07:03:45,2017-01-01 07:08:16,1,1.40,1,N,141,162,2,6,0,0.5,0,0,0.3,6.8
2,2017-01-01 07:03:45,2017-01-01 07:15:59,1,7.34,1,N,247,129,1,21.5,0,0.5,5.57,5.54,0.3,33.41
2,2017-01-01 07:03:45,2017-01-01 07:13:40,1,2.56,1,N,164,158,1,10,0,0.5,2.7,0,0.3,13.5
1,2017-01-01 07:03:46,2017-01-01 07:16:49,1,3.80,1,N,260,233,2,14.5,0,0.5,0,0,0.3,15.3
1,2017-01-01 07:03:49,2017-01-01 07:11:02,1,1.10,1,N,234,137,2,7,0,0.5,0,0,0.3,7.8
2,2017-01-01 07:03:49,2017-01-01 07:06:50,2,.58,1,N,141,140,1,4.5,0,0.5,1.06,0,0.3,6.36
1,2017-01-01 07:03:50,2017-01-01 07:14:16,1,3.00,1,N,162,4,1,11,0,0.5,2.35,0,0.3,14.15
2,2017-01-01 07:03:50,2017-01-01 07:24:44,1,16.32,2,N,164,132,2,52,0,0.5,0,5.54,0.3,58.34
2,2017-01-01 07:03:51,2017-01-01 07:17:13,5,2.82,1,N,79,50,1,12.5,0,0.5,2.66,0,0.3,15.96
1,2017-01-01 07:03:52,2017-01-01 07:05:23,1,.70,1,N,107,137,2,4,0,0.5,0,0,0.3,4.8
2,2017-01-01 07:03:52,2017-01-01 07:19:35,6,4.13,1,N,79,37,2,16,0,0.5,0,0,0.3,16.8
2,2017-01-01 07:03:54,2017-01-01 07:09:57,1,2.00,1,N,262,74,2,7.5,0,0.5,0,0,0.3,8.3
1,2017-01-01 07:03:55,2017-01-01 07:09:30,1,.90,1,N,186,246,2,5.5,0,0.5,0,0,0.3,6.3
2,2017-01-01 07:03:56,2017-01-01 07:18:01,1,6.28,1,N,74,234,1,20,0,0.5,2,0,0.3,22.8
2,2017-01-01 07:03:57,2017-01-01 07:15:21,1,7.42,1,N,263,138,1,21,0,0.5,6.84,5.54,0.3,34.18
2,2017-01-01 07:03:57,2017-01-01 07:13:48,2,1.93,1,N,230,142,2,9,0,0.5,0,0,0.3,9.8
1,2017-01-01 07:04:00,2017-01-01 07:09:19,1,1.30,1,N,79,4,1,6.5,0,0.5,1.45,0,0.3,8.75
1,2017-01-01 07:04:01,2017-01-01 07:06:01,1,.80,1,N,236,237,1,4.5,0,0.5,2,0,0.3,7.3
2,2017-01-01 07:04:01,2017-01-01 07:05:15,2,.05,1,N,48,48,2,3,0,0.5,0,0,0.3,3.8
2,2017-01-01 07:04:02,2017-01-01 07:06:10,1,.51,1,N,100,186,2,4,0,0.5,0,0,0.3,4.8
2,2017-01-01 07:04:02,2017-01-01 07:10:09,1,2.13,1,N,137,140,1,8.5,0,0.5,2.32,0,0.3,11.62
2,2017-01-01 07:04:02,2017-01-01 07:10:15,1,2.75,1,N,263,233,1,9.5,0,0.5,1,0,0.3,11.3
2,2017-01-01 07:04:03,2017-01-01 07:12:26,1,2.70,1,N,238,50,1,10,0,0.5,2.16,0,0.3,12.96
2,2017-01-01 07:04:03,2017-01-01 07:10:48,2,1.53,1,N,230,186,2,7.5,0,0.5,0,0,0.3,8.3
2,2017-01-01 07:04:03,2017-01-01 07:06:28,5,.63,1,N,236,43,2,4,0,0.5,0,0,0.3,4.8
2,2017-01-01 07:04:06,2017-01-01 07:23:23,1,5.14,1,N,63,256,2,18,0,0.5,0,0,0.3,18.8
2,2017-01-01 07:04:07,2017-01-01 07:14:06,5,7.21,1,N,48,244,1,20.5,0,0.5,2,0,0.3,23.3
2,2017-01-01 07:04:07,2017-01-01 07:12:43,1,4.71,1,N,224,261,1,14.5,0,0.5,3.06,0,0.3,18.36
1,2017-01-01 07:04:08,2017-01-01 07:21:23,1,4.30,1,N,144,211,1,16,0,0.5,1,0,0.3,17.8
2,2017-01-01 07:04:08,2017-01-01 07:10:02,1,1.03,1,N,137,164,1,6.5,0,0.5,0,0,0.3,7.3
2,2017-01-01 07:04:09,2017-01-01 07:07:11,1,.85,1,N,239,238,1,5,0,0.5,1.16,0,0.3,6.96
2,2017-01-01 07:04:09,2017-01-01 07:08:58,1,1.09,1,N,166,41,2,6,0,0.5,0,0,0.3,6.8
2,2017-01-01 07:04:10,2017-01-01 07:12:05,1,2.50,1,N,148,162,1,9.5,0,0.5,2.06,0,0.3,12.36
2,2017-01-01 07:04:11,2017-01-01 07:18:43,1,10.35,1,N,132,19,2,28.5,0,0.5,0,0,0.3,29.3
1,2017-01-01 07:04:14,2017-01-01 07:05:06,1,.30,1,N,107,137,2,3,0,0.5,0,0,0.3,3.8
2,2017-01-01 07:04:15,2017-01-01 07:28:22,1,11.47,1,N,232,258,2,33.5,0,0.5,0,0,0.3,34.3
2,2017-01-01 07:04:19,2017-01-01 07:21:08,1,7.86,1,N,79,257,2,23.5,0,0.5,0,0,0.3,24.3
2,2017-01-01 07:04:19,2017-01-01 07:40:54,1,20.91,2,N,132,113,2,52,0,0.5,0,0,0.3,52.8
